"1","Action, Adventure, Fantasy ","1"
"2","Action, Adventure, Fantasy ","2"
"3","Action, Adventure, Sci-Fi","3"
"4","Action, Adventure, Fantasy ","4"
"5"," Action, Adventure, Comedy","5"
"6","Animation, Adventure, Comedy","6"
"7","Animation, Adventure, Comedy","7"
"8","Action, Adventure, Comedy ","8"
"9"," Action, Adventure, Sci-Fi ","9"
"10","Action, Adventure, Fantasy","10"
"11","Drama, Sci-Fi, Thriller","11"
"12","Action, Adventure, Sci-Fi","12"
"13"," Action, Adventure, Sci-Fi","13"
"14","Action, Sci-Fi","14"
"15"," Action, Crime, Thriller ","15"
"16","Action, Adventure, Fantasy","16"
"17","Action, Adventure, Comedy","17"
"18","Action, Adventure, Fantasy ","18"
"19"," Action, Adventure, Sci-Fi","19"
"20"," Action, Adventure, Sci-Fi","20"
"21","Action, Adventure, Sci-Fi","21"
"22","Animation, Adventure, Comedy","22"
"23","Action, Adventure, Sci-Fi","23"
"24"," Action, Adventure, Western","24"
"25","Action, Thriller","25"
"26"," Adventure, Family, Fantasy","26"
"27"," Action, Adventure, Fantasy","27"
"28"," Adventure, Fantasy","28"
"29"," Action, Adventure, Sci-Fi","29"
"30"," Action, Adventure, Sci-Fi","30"
"31","Action, Adventure, Thriller","31"
"32","Action, Adventure, Fantasy","32"
"33","Action, Adventure, Drama","33"
"34","Action, Adventure, Thriller","34"
"35","Action, Adventure, Thriller","35"
"36","Crime, Drama","36"
"37","Action, Adventure, Sci-Fi","37"
"38","Drama","38"
"39","Crime, Drama, Romance","39"
"40","Action, Adventure, Thriller","40"
"41","Comedy, Drama, Fantasy","41"
"42","Comedy, Drama, Romance","42"
"43","Drama, Romance","43"
"44","Comedy, Drama, Romance ","44"
"45","Comedy, Drama","45"
"46","Action, Adventure, Drama","46"
"47","Action, Adventure, Fantasy","47"
"48"," Action, Crime","48"
"49","Action, Thriller","49"
"50","Drama, Horror, Sci-Fi","50"
"51","Comedy, Romance","51"
"52","Animation, Action, Adventure","52"
"53","Drama, Romance","53"
"54","Comedy, Drama, Romance","54"
"55","Action, Drama, Sci-Fi","55"
"56","Crime, Drama, Mystery","56"
"57","Crime, Drama","57"
"58","Action, Comedy, Crime","58"
"59","Comedy, Drama, Romanc","59"
"60","Comedy, Drama, Romanc","60"
"61","Comedy, Romanc","61"
"62","Comedy, Fantasy, Romance","62"
"63","Drama, Romance","63"
"64"," Action, Adventure, Sci-Fi","64"
"65","Action, Adventure, Sci-Fi","65"
"66","Action, Adventure, Sci-Fi","66"
"67","Action, Adventure, Sci-Fi","67"
"68","Action, Adventure, Sci-Fi","68"
"69","Animation, Action, Sci-Fi","69"
"70","Comedy, Drama, Romance","70"
"71"," Action, Adventure, Sci-Fi","71"
"72","Action, Adventure, Fantasy","72"
"73","Action, Adventure, Comedy","73"
"74","Action, Adventure, Sci-Fi","74"
"75","Action, Adventure, Fantasy","75"
"76","Action, Adventure, Comedy","76"
"77","Action, Adventure, Sci-Fi","77"
"78","Action, Adventure, Comedy","78"
"79","Adventure, Family, Fantasy","79"
"80","Adventure, Family, Fantasy","80"
"81","Adventure, Family, Fantasy","81"
"82","Adventure, Family, Fantasy","82"
"83","Animation, Comedy, Family","83"
"84","Animation, Comedy, Family","84"
"85","Animation, Adventure, Comedy","85"
"86","Animation, Adventure, Comedy","86"
"87","Comedy, Family, Fantasy","87"
"88","Adventure, Comedy, Family","88"
"89","Adventure, Comedy, Family","89"
"90","Action, Adventure, Family","90"
"91","Adventure, Family, Fantasy","91"
"92","Adventure, Family, Fantasy","92"
"93","Adventure, Family, Fantasy","93"
"94","Adventure, Fantasy, Mystery","94"
"95","Adventure, Drama, Fantasy","95"
"96","Action, Crime, Thriller","96"
"97","Action, Crime, Thriller","97"
"98","Action, Crime, Thriller","98"
"99","Action, Crime, Thriller","99"
"100","Action, Crime, Thriller","100"
