"1","Sam Worthington ","Male","Jake Sully "
"2","Sigourney Weaver ","Female","Dr. Grace Augustine "
"3","Stephen Lang ","Male","Colonel Miles Quaritch "
"4","Zoe Saldana ","Female","Neytiri "
"5","Stephen Lang ","Male","Colonel Miles Quaritch "
"6","Michelle Rodriguez","Female","Trudy Chacon"
"7","Giovanni Ribisi","Male","Parker Selfridge"
"8","Joel David Moore","Male","Norm Spellman"
"9","CCH Pounder","Female","Mo'at "
"10","Wes Studi","Male","Eytukan"
"11","Laz Alonso","Male","Tsu'tey"
"12","Dileep Rao","Male","Dr. Max Patel"
"13","Matt Gerald","Male","Corporal Lyle Wainfleet"
"14","Sean Anthony Moran","Male","Private Fike"
"15","Jason Whyte","Male","Cryo Vault Med Tech"
"16","Jason Momoa ","Male","Arthur"
"17","Amber Heard ","Female","Mera"
"18","Willem Dafoe ","Male"," Vulko "
"19","Patrick Wilson ","Male","King Orm "
"20","Nicole Kidman ","Female","Atlanna "
"21","Dolph Lundgren ","Male"," King Nereus "
"22","Yahya Abdul-Mateen II ","Male"," Manta "
"23","Temuera Morrison ","Male","Tom Curry "
"24","Ludi Lin ","Male","Captain Murk "
"25","Michael Beach ","Male","Jesse (Manta's Father) "
"26","Randall Park ","Male","Dr. Stephen Shin "
"27"," Graham McTavish ","Male","King Atlan "
"28","Leigh Whannell ","Male"," Cargo Pilot "
"29","Tainui Kirkwood ","Male","Young Arthur (Three Years Old) "
"30","Tamor Kirkwood ","Male","Young Arthur (Three Years Old) "
"31","Chadwick Boseman","Male","T'Challa / Black Panther"
"32","Michael B. Jordan","Male","Erik Killmonger"
"33","Lupita Nyong'o","Female","Nakia"
"34","Danai Gurira","Female","Okoye"
"35","Martin Freeman","Male","Everett K. Ross"
"36","Daniel Kaluuya","Male","W'Kabi"
"37","Letitia Wright","Female","Shuri"
"38","Winston Duke","Male","M'Baku"
"39","Sterling K. Brown","Male","N'Jobu"
"40","Angela Bassett","Female","Ramonda"
"41","Forest Whitaker","Male","Zuri"
"42","Andy Serkis","Male","Ulysses Klaue"
"43","Florence Kasumba","Female","Ayo"
"44","John Kani","Male","T'Chaka"
"45","David S. Lee","Male","Limbani"
"46","Benedict Cumberbatch","Male","Dr. Stephen Strange"
"47","Chiwetel Ejiofor","Male","Mordo"
"48","Rachel McAdams","Female","Dr. Christine Palmer"
"49","Benedict Wong","Male","Wong"
"50","Mads Mikkelsen","Male","Kaecilius"
"51","Tilda Swinton","Female","The Ancient One"
"52","Michael Stuhlbarg","Male","Dr. Nicodemus West"
"53","Benjamin Bratt","Male","Jonathan Pangborn"
"54","Scott Adkins","Male","Lucian / Strong Zealot"
"55","Zara Phythian","Female","Brunette Zealot"
"56","Alaa Safi","Male","Tall Zealot"
"57","Katrina Durden","Female","Blonde Zealot"
"58","Topo Wresniwiro","Male","Hamir"
"59","Umit Ulgen","Male","Sol Rama"
"60","Linda Louise Duan","Female","Tina Minoru (as Linda Duan)"
"61","Chris Pratt","Male","Peter Quill"
"62","Zoe Saldana","Female","Gamora"
"63","Dave Bautista","Male","Drax"
"64","Vin Diesel","Male","Groot (voice)"
"65","Bradley Cooper","Male","Rocket (voice)"
"66","Lee Pace","Male","Ronan"
"67","Michael Rooker","Male","Yondu Udonta"
"68","Karen Gillan","Female","Nebula"
"69","Djimon Hounsou","Male","Korath"
"70","John C. Reilly","Male","Corpsman Dey"
"71","Glenn Close","Female","Nova Prime"
"72","Benicio Del Toro","Male","The Collector"
"73","Laura Haddock","Female","Meredith Quill"
"74","Sean Gunn","Male","Kraglin / On Set Rocket"
"75","Peter Serafinowicz","Male","Denarian Saal"
"76","Ellen DeGeneres ","Male","Dory (voice) "
"77","Albert Brooks ","Male","Marlin (voice) "
"78","Ed O'Neill ","Male","Hank (voice) "
"79","Kaitlin Olson ","Female","Destiny (voice) "
"80","Hayden Rolence ","Female","Nemo (voice) "
"81","Ty Burrell ","Male","Bailey (voice) "
"82","Diane Keaton ","Female","Jenny (voice) "
"83","Eugene Levy ","Male","Charlie (voice) "
"84","Sloane Murray ","Male","Young Dory (voice) "
"85","Idris Elba ","Male","Fluke (voice) "
"86"," Dominic West ","Male"," Rudder (voice) "
"87","Bob Peterson ","Male","Mr. Ray / Additional Voices (voice) "
"88","Kate McKinnon ","Female","Wife Fish (voice) "
"89","Bill Hader ","Male","Husband Fish (Stan) (voice) "
"90","Sigourney Weaver ","Female","Sigourney Weaver (voice) "
"91","Auli'i Cravalho ","Female","Moana (voice) "
"92","Dwayne Johnson ","Male","Maui (voice) "
"93","Rachel House ","Female","Gramma Tala (voice) "
"94","Temuera Morrison ","Male","Chief Tui (voice) "
"95"," Jemaine Clement ","Male","Tamatoa (voice) "
"96"," Nicole Scherzinger ","Female","Sina (voice) "
"97","Alan Tudyk ","Male","Heihei / Villager #3 (voice) "
"98","Oscar Kightley ","Male","Fisherman (voice) "
"99","Troy Polamalu ","Male","Villager #1 (voice) "
"100","Puanani Cravalho ","Male","Villager #2 (voice) "
"101","Louise Bush ","Male","Toddler Moana (voice) "
"102","Ryan Reynolds ","Male","Wade / Deadpool "
"103","Karan Soni ","Male","Dopinder "
"104","Ed Skrein ","Male"," Ajax "
"105","Michael Benyaer ","Male"," Warlord "
"106","Brianna Hildebrand ","Female","Negasonic Teenage Warhead"
"107","Style Dayne ","Male","Jeremy (Pizza Guy) "
"108","Kyle Cassie ","Male","Gavin Merchant "
"109","Taylor Hickson ","Female","Meghan Orlovsky "
"110","Ayzee ","Female","Teen Girl #1 "
"111","Naika Toussaint ","Famale","Teen Girl #2 "
"112","Randal Reeder ","Male","Buck "
"113","T.J. Miller ","Male"," Weasel "
"114","Isaac C. Singleton Jr. ","Male","Boothe "
"115","Morena Baccarin ","Female"," Vanessa "
"116"," Warlord ","Male","Voice of Colossus (voice) "
"117","Chris Evans","Male","Steve Rogers / Captain America"
"118","Samuel L. Jackson","Male","Nick Fury"
"119","Scarlett Johansson","Female","Natasha Romanoff / Black Widow"
"120","Robert Redford","Male","Alexander Pierce"
"121","Sebastian Stan","Male","Bucky Barnes / Winter Soldier"
"122","Anthony Mackie","Male","Sam Wilson / Falcon"
"123","Cobie Smulders","Female","Maria Hill"
"124","Frank Grillo","Male","Brock Rumlow"
"125","Maximiliano Hernandez","Male","Jasper Sitwell (as Maximiliano Hernandez)"
"126","Emily VanCamp","Female","Kate / Agent 13"
"127","Hayley Atwell","Female","Peggy Carter"
"128","Toby Jones","Male","Dr. Arnim Zola"
"129","Stan Lee","Male","Smithsonian Guard"
"130","Callan Mulvey","Male","Jack Rollins"
"131","Jenny Agutter","Female","Councilwoman Hawley"
"132","Chris Hemsworth","Male","Thor"
"133","Natalie Portman","Female","Jane Foster"
"134","Tom Hiddleston","Male","Loki"
"135","Anthony Hopkins","Male","Odin"
"136","Stellan Skarsgard","Male","Erik Selvig"
"137","Kat Dennings","Female","Darcy Lewis"
"138","Clark Gregg","Male","Agent Coulson"
"139","Colm Feore","Male","King Laufey"
"140","Idris Elba","Male","Heimdall"
"141","Ray Stevenson","Male","Volstagg"
"142","Tadanobu Asano","Male","Hogun"
"143","Josh Dallas","Male","Fandral"
"144","Jaimie Alexander","Female","Sif"
"145","Rene Russo","Female","Frigga"
"146","Adriana Barraza","Female","Isabela Alvarez"
"147","James McAvoy","Male","Patricia / Dennis / Hedwig / The Beast / Barr"
"148","Bruce Willis","Male","David Dunn"
"149","Samuel L. Jackson","Male","Elijah Price"
"150","Anya Taylor-Joy","Female","Casey Cooke"
"151","Sarah Paulson","Female","Dr. Ellie Staple"
"152","Spencer Treat Clark","Male","Joseph Dunn"
"153","Charlayne Woodard","Female","Mrs. Price"
"154","Luke Kirby","Male","Pierce"
"155","Adam David Thompson","Male","Daryl"
"156","M. Night Shyamalan","Male","Jai, Security Guard"
"157","Shannon Destiny Ryan","Female","Cheerleading Girl"
"158","Diana Silvers","Female","Cheerleading Girl"
"159","Nina Wisner","Female","Cheerleading Girl"
"160","Kyli Zion","Female","Cheerleading Girl"
"161","Serge Didenko","Male","Ronald, Powerful Young Man"
"162","Hailee Steinfeld","Female","Charlie"
"163","Jorge Lendeborg Jr.","Male","Memo"
"164","John Cena","Male","Agent Burns"
"165","Jason Drucker","Male","Otis"
"166","Pamela Adlon","Female","Sally"
"167","Stephen Schneider","Male","Ron"
"168","Ricardo Hoyos","Male","Tripp"
"169","John Ortiz","Male","Dr. Powell"
"170","Glynn Turman","Male","General Whalen"
"171","Len Cariou","Male","Uncle Hank"
"172","Kollin Holtz","Male","Craig"
"173","Gracie Dzienny","Male","Tina"
"174","Fred Dryer","Male","Sheriff Lock"
"175","Isabelle Ellingson","Female","Mean Girlfriend"
"176","Mika Kubo","Female","Mean Girlfriend"
"177","Shia LaBeouf","Male","Sam Witwicky"
"178","Rosie Huntington-Whiteley","Feamale","Carly"
"179","Josh Duhamel","Male","Lennox"
"180","John Turturro","Male","Simmons"
"181","Tyrese Gibson","Male","Epps"
"182","Patrick Dempsey","Male","Dylan"
"183","Buzz Aldrin","Male","Buzz Aldrin"
"184","Frances McDormand","Female","Mearing"
"185","John Malkovich","Male","Bruce Brazos"
"186","Kevin Dunn","Male","Ron Witwicky"
"187","Julie White","Female","Judy Witwicky"
"188","Alan Tudyk","Male","Dutch"
"189","Ken Jeong","Male","Jerry Wang"
"190","Glenn Morshower","Male","General Morshower"
"191","Lester Speight","Male","Eddie"
"192","Sope Aluko","Female","Dr. Collins"
"193","Tom Hardy","Male","Eddie Brock / Venom"
"194","Michelle Williams","Female","Anne Weying"
"195","Riz Ahmed","Male","Carlton Drake / Riot"
"196","Scott Haze","Male","Security Chief Roland Treece"
"197","Reid Scott","Female","Dr. Dan Lewis"
"198","Jenny Slate","Female","Dr. Dora Skirth"
"199","Woody Harrelson","Male","Cletus Kasady"
"200","Peggy Lu","Female","Mrs. Chen"
"201","Malcolm C. Murray","Male","Lewis Donate"
"202","Sope Aluko","Female","Dr. Collins"
"203","Wayne Pére","Male","Dr. Emerson"
"204","Michelle Lee","Female","Malaysia EMT / Riot Host"
"205","Kurt Yue","Male","Mission Control Translator"
"206","Chris O'Hara","Male","Astronaut JJ Jameson, III"
"207","Vin Diesel","Male","Dominic Toretto"
"208","Paul Walker","Male","Brian O'Conner"
"209","Jordana Brewster","Female","Mia"
"210","Tyrese Gibson	","Male","Roman"
"211","Ludacris","Male","Tej"
"212","Matt Schulze","Male","Vince"
"213","Sung Kang","Male","Han"
"214","Gal Gadot	","Female","Gisele"
"215","Tego Calderon","Male","Leo"
"216","Don Omar","Male","Santos"
"217","Joaquim de Almeida","Male","Reyes"
"218","Dwayne Johnson	","Male","Hobbs"
"219","Elsa Pataky","Female","Elena"
"220","Michael Irby","Male","Zizi"
"221","Fernando Chien","Male","Wilkes (as Fernando F. Chien)"
"222","Johnny Depp","Male","Jack Sparrow"
"223","Penelope Cruz","Female","Angelica"
"224","Geoffrey Rush","Male","Barbossa"
"225","Ian McShane","Male","Blackbeard"
"226","Kevin McNally","Male","Gibbs"
"227","Sam Claflin","Male","Philip"
"228","Astrid Berges-Frisbey","Female","Syrena (Mermaid)"
"229","Stephen Graham","Male","Scrum"
"230","Keith Richards","Male","Captain Teague"
"231","Richard Griffiths","Male","King George"
"232","Greg Ellis","Male","Groves"
"233","Damian O'Hare","Male","Gillette"
"234","Oscar Jaenada","Male","The Spaniard"
"235","Anton Lesser","Male","Lord John Carteret"
"236","Roger Allam","Male","Prime Minister Henry Pelham"
"237","Ryan Reynolds","Male","Wade Wilson / Deadpool / Voice of Juggernaut"
"238","Josh Brolin","Male","Cable"
"239","Morena Baccarin","Female","Vanessa"
"240","Julian Dennison","Male","Firefist"
"241","Zazie Beetz","Female","Domino"
"242","T.J. Miller","Male","Weasel"
"243","Leslie Uggams","Female","Blind Al"
"244","Karan Soni","Male","Dopinder"
"245","Brianna Hildebrand","Female","Negasonic Teenage Warhead"
"246","Jack Kesy","Male","Black Tom"
"247","Eddie Marsan","Male","Headmaster"
"248","Shioli Kutsuna","Female","Yukio"
"249","Stefan Kapicic","Male","Voice of Colossus (voice)"
"250","Nikolai Witschl","Male","Head Orderly Frye"
"251","Randal Reeder","Male","Buck"
"252","Johnny Depp","Mlae","Jack Sparrow"
"253","Geoffrey Rush","Male","Captain Hector Barbossa"
"254","Orlando Bloom","Male","Will Turner"
"255","Keira Knightley","Female","Elizabeth Swann"
"256","Jack Davenport","Male","Norrington"
"257","Bill Nighy","Male","Davy Jones"
"258","Jonathan Pryce","Male","Governor Weatherby Swann"
"259","Lee Arenberg","Male","Pintel"
"260","Mackenzie Crook","Male","Ragetti"
"261","Kevin McNally","Male","Gibbs (as Kevin R. McNally)"
"262","David Bailie","Male","Cotton"
"263","Stellan Skarsgård","Male","Bootstrap Bill"
"264","Tom Hollander","Male","Cutler Beckett"
"265","Naomie Harris","Female","Tia Dalma"
"266","Martin Klebba","Male","Marty"
"267","Robert Downey Jr.","Male","Tony Stark / Iron Man"
"268","Chris Hemsworth","Male","Thor"
"269","Mark Ruffalo","Male","Bruce Banner / Hulk"
"270","Chris Evans","Male","Steve Rogers / Captain America"
"271","Scarlett Johansson","Female","Natasha Romanoff / Black Widow"
"272","Jeremy Renner","Male","Clint Barton / Hawkeye"
"273","James Spader","Male","Ultron"
"274","Samuel L. Jackson","Male","Nick Fury"
"275","Don Cheadle","Male","James Rhodes / War Machine"
"276","Aaron Taylor-Johnson","Male","Pietro Maximoff / Quicksilver"
"277","Elizabeth Olsen","Female","Wanda Maximoff / Scarlet Witch"
"278","Paul Bettany","Mlae","Jarvis / Vision"
"279","Cobie Smulders","Female","Maria Hill"
"280","Anthony Mackie","Male","Sam Wilson / Falcon"
"281","Hayley Atwell","Female","Peggy Carter"
"282","Brandon Routh","Male","Clark Kent / Superman"
"283","Kate Bosworth","Female","Lois Lane"
"284","Kevin Spacey","Male","Lex Luthor"
"285","James Marsden","Male","Richard White"
"286","Parker Posey","Female","Kitty Kowalski"
"287","Frank Langella","Male","Perry White"
"288","Sam Huntington","Male","Jimmy Olsen"
"289","Eva Marie Saint","Female","Martha Kent"
"290","Marlon Brando","Male","Jor-El (archive footage)"
"291","Kal Penn","Male","Stanford"
"292","Tristan Lake Leabu","Male","Jason White"
"293","David Fabrizio","Male","Brutus"
"294","Ian Roberts","Male","Riley"
"295","Vincent Stone","Male","Grant"
"296","Jack Larson","Male","Bo the Bartender"
"297","Taylor Kitsch","Male","John Carter"
"298","Lynn Collins","Female","Dejah Thoris"
"299","Samantha Morton","Female","Sola"
"300","Willem Dafoe","Male","Tars Tarkas"
"301","Thomas Haden Church","Male","Tal Hajus"
"302","Mark Strong","Male","Matai Shang"
"303","Ciaran Hinds","Male","Tardos Mors (as Ciaran Hinds)"
"304","Dominic West","Male","Sab Than"
"305","James Purefoy","Male","Kantos Kan"
"306","Bryan Cranston","Male","Powell"
"307","Polly Walker","Female","Sarkoja"
"308","Daryl Sabara","Male","Edgar Rice Burroughs"
"309","Arkie Reece","Male","Stayman #1 / Helm"
"310","Davood Ghadami","Male","Stayman #3"
"311","Pippa Nixon","Female","Lightmaster"
"312","Mandy Moore","Female","Rapunzel (voice)"
"313","Zachary Levi","Male","Flynn Rider (voice)"
"314","Donna Murphy","Female","Mother Gothel (voice)"
"315","Ron Perlman","Male","Stabbington Brother (voice)"
"316","M.C. Gainey","Male","Captain of the Guard (voice)"
"317","Jeffrey Tambor","Male","Big Nose Thug (voice)"
"318","Brad Garrett","Male","Hook Hand Thug (voice)"
"319","Paul F. Tompkins","Male","Short Thug (voice)"
"320","Richard Kiel","Male","Vlad (voice)"
"321","Delaney Rose Stein","Female","Young Rapunzel / Little Girl (voice)"
"322","Nathan Greno","Male","Guard 1 / Thug 1 (voice)"
"323","Byron Howard","Male","Guard 2 / Thug 2 (voice)"
"324","Tim Mertens","Male","Guard 3 (voice)"
"325","Michael Bell","Male","Additional Voices (voice)"
"326","Bob Bergen","Male","Additional Voices (voice)"
"327","Tobey Maguire","Male","Spider-Man / Peter Parker"
"328","Kirsten Dunst","Female","Mary Jane Watson"
"329","James Franco","Male","New Goblin / Harry Osborn"
"330","Thomas Haden Church","Male","Sandman / Flint Marko"
"331","Topher Grace","Male","Venom / Eddie Brock"
"332","Bryce Dallas Howard","Female","Gwen Stacy"
"333","Rosemary Harris","Female","May Parker"
"334","J.K. Simmons","Male","J. Jonah Jameson"
"335","James Cromwell","Male","Captain Stacy"
"336","Theresa Russell","Female","Emma Marko"
"337","Dylan Baker","Male","Dr. Curt Connors"
"338","Bill Nunn","Male","Joseph 'Robbie' Robertson"
"339","Bruce Campbell","Male","Maitre d'"
"340","Elizabeth Banks","Female","Miss Brant"
"341","Ted Raimi","Male","Hoffman"
"342","Johnny Depp","Male","Tonto"
"343","Armie Hammer","Male","John Reid (Lone Ranger)"
"344","William Fichtner","Male","Butch Cavendish"
"345","Tom Wilkinson","Male","Cole"
"346","Ruth Wilson","Female","Rebecca Reid"
"347","Helena Bonham Carter","Female","Red Harrington"
"348","James Badge Dale","Male","Dan Reid"
"349","Bryant Prince","Male","Danny"
"350","Barry Pepper","Male","Fuller"
"351","Mason Cook","Male","Will"
"352","JD Cullum","Male","Wendell"
"353","Saginaw Grant","Male","Chief Big Bear"
"354","Harry Treadaway","Male","Frank"
"355","James Frain","Male","Barret"
"356","Joaquín Cosio","Male","Jesus"
"357","Christian Bale","Male","Bruce Wayne"
"358","Gary Oldman","Male","Commissioner Gordon"
"359","Tom Hardy","Male","Bane"
"360","Joseph Gordon-Levitt","Male","Blake"
"361","Anne Hathaway","Female","Selina"
"362","Marion Cotillard","Female","Miranda"
"363","Morgan Freeman","Male","Fox"
"364","Michael Caine","Male","Alfred"
"365","Matthew Modine","Male","Foley"
"366","Alon Aboutboul","Male","Dr. Pavel (as Alon Moni Aboutboul)"
"367","Ben Mendelsohn","Male","Daggett"
"368","Burn Gorman","Male","Stryver"
"369","Daniel Sunjata","Male","Captain Jones"
"370","Aidan Gillen","Male","CIA Op"
"371","Sam Kennard","Male","Special Ops Sergeant"
"372","Rupert Grint","Male","Ron Weasley"
"373","Daniel Radcliffe","Male","Harry Potter"
"374","Michael Gambon","Male","Professor Albus Dumbledore"
"375","Dave Legeno","Male","Fenrir Greyback"
"376","Elarica Johnson","Female","Waitress (as Elarica Gallacher)"
"377","Jim Broadbent","Male","Professor Horace Slughorn"
"378","Geraldine Somerville","Female","Lily Potter"
"379","Bonnie Wright","Female","Ginny Weasley"
"380","Julie Walters","Female","Molly Weasley"
"381","Emma Watson","Female","Hermione Granger"
"382","Helena Bonham Carter","Female","Bellatrix Lestrange"
"383","Helen McCrory","Female","Narcissa Malfoy"
"384","Timothy Spall","Male","Wormtail"
"385","Alan Rickman","Male","Professor Severus Snape"
"386","Oliver Phelps","Male","George Weasley"
"387","Ben Affleck","Male","Bruce Wayne / Batman"
"388","Henry Cavill","Male","Clark Kent / Superman"
"389","Amy Adams","Female","Lois"
"390","Jesse Eisenberg	","Male","Lex Luthor"
"391","Diane Lane","Female","Martha Kent"
"392","Laurence Fishburne","Male","Perry White"
"393","Jeremy Irons","Male","Alfred"
"394","Holly Hunter","Female","Senator Finch"
"395","Gal Gadot","Female","Diana Prince / Wonder Woman"
"396","Scoot McNairy","Male","Wallace Keefe"
"397","Callan Mulvey","Male","Anatoli Knyazev"
"398","Tao Okamoto","Male","Mercy Graves"
"399","Brandon Spink","Female","Young Bruce Wayne"
"400","Lauren Cohan","Male","Martha Wayne"
"401","Alan D. Purwin","Female","ayne Industries Pilot"
"402","Ian McKellen","Male","Gandalf"
"403","Martin Freeman","Male","Bilbo"
"404","Richard Armitage","Male","Thorin"
"405","Ken Stott","Male","Balin"
"406","Graham McTavish","Male","Dwalin"
"407","William Kircher","Male","Bifur"
"408","James Nesbitt","Male","Bofur"
"409","Stephen Hunter","Male","Bombur"
"410","Dean O'Gorman","Male","Fili"
"411","Aidan Turner","Male","Kili"
"412","John Callen","Male","Oin"
"413","Peter Hambleton","Male","Gloin"
"414","Jed Brophy","Male","Nori"
"415","Mark Hadlow","Male","Dori"
"416","Adam Brown","Male","Ori"
"417","Chris Evans","Male","Steve Rogers / Captain Americ"
"418","Robert Downey Jr.","Male","Tony Stark / Iron Man"
"419","Scarlett Johansson","Female","Natasha Romanoff / Black Widow"
"420","Sebastian Stan","Male","Bucky Barnes / Winter Soldier"
"421","Anthony Mackie","Male","Sam Wilson / Falcon"
"422","Don Cheadle","Male","Lieutenant James Rhodes / War Machine"
"423","Jeremy Renner","Male","Clint Barton / Hawkeye"
"424","Chadwick Boseman","Male","T'Challa / Black Panther"
"425","Paul Bettany","Male","Vision"
"426","Elizabeth Olsen","Female","Wanda Maximoff / Scarlet Witch"
"427","Paul Rudd","Male","Scott Lang / Ant-Man"
"428","Emily VanCamp","Female","Sharon Carter (as Emily Vancamp)"
"429","Tom Holland","Male","Peter Parker / Spider-Man"
"430","Daniel Brühl","Male","Zemo"
"431","Frank Grillo","Male","Brock Rumlow / Crossbones"
"432","Hugh Jackman","Male","Logan / Wolverine"
"433","James McAvoy","Male","Charles Xavier"
"434","Michael Fassbender","Male","Erik Lehnsherr"
"435","Jennifer Lawrence","Female","Raven / Mystique"
"436","Halle Berry","Female","Storm"
"437","Nicholas Hoult","Male","Hank / Beast"
"438","Anna Paquin","Female","Rogue"
"439","Ellen Page","Female","Kitty Pryde"
"440","Peter Dinklage","Male","Dr. Bolivar Trask"
"441","Shawn Ashmore","Male","Bobby / Iceman"
"442","Omar Sy","Male","Bishop"
"443","Evan Peters","Male","Peter / Quicksilver"
"444","Josh Helman","Male","Maj. Bill Stryker"
"445","Daniel Cudmore","Male","Colossus"
"446","Bingbing Fan","Female","Blink"
"447","Daniel Craig","Male","James Bond"
"448","Christoph Waltz","Male","Blofeld"
"449","Lea Seydoux","Female","Madeleine"
"450","Ralph Fiennes","Male","M"
"451","Monica Bellucci","Female","Lucia"
"452","Ben Whishaw","Male","Q"
"453","Naomie Harris","Female","Moneypenny"
"454","Dave Bautista","Male","Hinx"
"455","Andrew Scott","Male","C"
"456","Rory Kinnear","Male","Tanner"
"457","Jesper Christensen","Male","Mr. White"
"458","Alessandro Cremona","Male","Marco Sciarra"
"459","Stephanie Sigman","Female","Estrella"
"460","Adriana Paz","Female","Mexican Woman in Lift"
"461","Tenoch Huerta","Male","Mexican Man in Lift"
"462","Henry Cavill","Male","Clark Kent / Kal-El"
"463","Amy Adams","Female","Lois Lane"
"464","Michael Shannon","Male","General Zod"
"465","Diane Lane","Female","Martha Kent"
"466","Russell Crowe","Male","Jor-El"
"467","Antje Traue","Female","Faora-Ul"
"468","Harry Lennix","Male","General Swanwick"
"469","Richard Schiff","Male","Dr. Emil Hamilton"
"470","Christopher Meloni","Male","Colonel Nathan Hardy"
"471","Kevin Costner","Male","Jonathan Kent"
"472","Ayelet Zurer","Female","Lara Lor-Van"
"473","Laurence Fishburne","Male","Perry White"
"474","Dylan Sprayberry","Male","Clark Kent (13 Years)"
"475","Cooper Timberline","Male","Clark Kent (9 Years)"
"476","Richard Cetrone","Male","Tor-An"
"477","Naomi Watts","Female","Ann Darrow"
"478","Jack Black","Male","Carl Denham"
"479","Adrien Brody","Male","Jack Driscoll"
"480","Thomas Kretschmann","Male","Captain Englehorn"
"481","Colin Hanks","Male","Preston"
"482","Andy Serkis","Male","Kong / Lumpy"
"483","Evan Parke","Male","Hayes"
"484","Geraldine Brophy","Female","Maude"
"485","Jamie Bell","Male","Jimmy"
"486","Lobo Chan","Male","Choy"
"487","John Sumner","Male","Herb"
"488","Craig Hall","Male","Mike"
"489","Kyle Chandler","Male","Bruce Baxter"
"490","William Johnson","Male","Manny"
"491","Mark Hadlow","Male","Harry"
"492","Daniel Craig","Male","James Bond"
"493","Olga Kurylenko","Female","Camille"
"494","Mathieu Amalric","Male","Dominic Greene"
"495","Judi Dench","Female","M"
"496","Giancarlo Giannini","Male","Rene Mathis"
"497","Gemma Arterton","Female","Strawberry Fields"
"498","Jeffrey Wright","Male","Felix Leiter"
"499","David Harbour","Male","Gregg Beam"
"500","Jesper Christensen","Male","Mr. White"
"501","Anatole Taubman","Male","Elvis"
"502","Rory Kinnear","Male","Bill Tanner"
"503","Tim Pigott-Smith","Male","Foreign Secretary"
"504","Joaquin Cosio","Male","General Medrano"
"505","Fernando Guillén Cuervo","Male","Colonel of Police"
"506","Jesus Ochoa","Female","Lt. Orso"
"507","Daniel Craig","Male","James Bond"
"508","Judi Dench","Female","M"
"509","Javier Bardem","Male","Silva"
"510","Ralph Fiennes","Male","Gareth Mallory"
"511","Naomie Harris","Female","Eve"
"512","Berenice Marlohe","Female","Severine "
"513","Albert Finney","Male","Kincade"
"514","Ben Whishaw","Male","Q"
"515","Rory Kinnear","Male","Tanner"
"516","Ola Rapace","Male","Patrice"
"517","Helen McCrory","Female","Clair Dowar MP"
"518","Nicholas Woodeson","Male","Doctor Hall"
"519","Bill Buckhurst","Male","Ronson"
"520","Elize du Toit","Female","Vanessa (M's Assistant)"
"521","Ian Bonar","Male","MI6 Technician"
"522","Emani Joof","Female","Sophie"
"523","Dylan Duffus","Male","Gunz"
"524","Scorcher","Male","Hoodz (as Tayo 'Scorcher' Garett)"
"525","Shone Romulus","Male","D'Angel"
"526","Jade Asha","Female","Naeema"
"527","Femi Oyeniran","Male","Mitch"
"528","Ashley Chin","Male","G Money"
"529","Nicky Slimting Walker","Male","Shane (as Nicky Slimting)"
"530","Fekky","Male","Blacks (as Simeon 'Fekky' Ogundipe)"
"531","Krept","Male","Daniel"
"532","Karl Wilson","Male","Leon (as Konan)"
"533","Sarah Akokhia","Female","Sergeant Rebecca Smith"
"534","Wesley Gumbs","Male","Boy Blue"
"535","Tyrone Lake","Male","Teaser"
"536","See Jay 100","Male","Fire (as SeeJay 100)"
"537","Chris Pratt","Male","Owen Grady"
"538","Bryce Dallas Howard","Female","Claire Dearing"
"539","Rafe Spall","Male","Eli Mills"
"540","Justice Smith","Male","Franklin Webb"
"541","Daniella Pineda","Female","Zia Rodriguez"
"542","James Cromwell","Male","Benjamin Lockwood"
"543","Toby Jones","Male","Mr. Eversoll"
"544","Ted Levine","Male","Ken Wheatley"
"545","Jeff Goldblum","Male","Ian Malcolm"
"546","BD Wong","Male","Dr. Wu"
"547","Geraldine Chaplin","Female","Iris"
"548","Isabella Sermon","Female","Maisie Lockwood"
"549","Robert Emms","Male","Tech Merc"
"550","Peter Jason","Male","Senator Sherwood"
"551","Kevin Layne","Male","Sub Pilot"
"552","Danny Boyle","Male","Himself"
"553","Ewen Bremner","Male","Himself"
"554","Robert Carlyle","Male","Himself"
"555","Ewan McGregor","Male","Himself"
"556","Jonny Lee Miller","Male","Himself"
"557","Penn Badgley","Male"," Joe Goldberg"
"558","Ambyr Childers","Female","Candace Stone"
"559","Elizabeth Lail","Female","Guinevere Beck"
"560","Luca Padovan","Male","Paco"
"561","Zach Cherry","Male"," Ethan"
"562","Nicole Kang","Female","Lynn Lieser"
"563","Adwin Brown","Male","Calvin"
"564","Jenna Ortega","Female","Ellie"
"565","Victoria Pedretti","Female","Love Quinn"
"566","James Scully","Male"," Forty Quinn"
"567","Robin Lord Taylor","Male","Will"
"568","Taron Egerton","Male","Robin of Loxley"
"569","Jamie Foxx","Male","Yahya / John"
"570","Ben Mendelsohn","Male","Sheriff of Nottingham"
"571","Eve Hewson","Female","Marian"
"572","Jamie Dornan","Male","Will Scarlet"
"573","Tim Minchin","Male","Friar Tuck"
"574","Paul Anderson","Male","Guy of Gisbourne"
"575","F. Murray Abraham","Male","Cardinal"
"576","Ian Peck","Male","Arch Deacon"
"577","Cornelius Booth","Male","Lord Pembroke"
"578","Kane Headley-Cummings","Male","Stoker"
"579","Scot Greenan","Male","Clayton"
"580","Lara Rossi","Female","Evelyn"
"581","Kevin Griffiths","Male","Tom"
"582","Catriona Temple","Female","Penny"
"583","Lindsay Duncan","Female","Mum"
"584","Harry Hadden-Paton","Male","Rupert"
"585","Mitchell Mullen","Male","Mary's Father, Fitz"
"586","Domhnall Gleeson","Male","Tim"
"587","Rachel McAdams","Female","Mary"
"588","Lydia Wilson","Female","Kit Kat"
"589","Bill Nighy","Male","Dad"
"590","Clemmie Dugdale","Female","Ginger Jenny"
"591","Tom Hughes","Male","Jimmy Kincade"
"592","Vanessa Kirby","Female","Joanna"
"593","Richard Cordery","Male","Uncle D"
"594","Joshua McGuire","Male","Rory"
"595","Tom Hollander","Male","Harry"
"596","Margot Robbie","Female","Charlotte"
"597","Will Merrick","Male","Jay"
"598","Joseph Gordon-Levitt","Male","Tom"
"599","Zooey Deschanel","Female","Summer"
"600","Geoffrey Arend","Male","McKenzie"
"601","Chloe Grace Moretz","Female","Rachel"
"602","Matthew Gray Gubler","Male","Paul"
"603","Clark Gregg","Male","Vance"
"604","Patricia Belcher","Male","Millie"
"605","Rachel Boston","Female","Alison"
"606","Minka Kelly","Female","utumn - Girl at Interview"
"607","Charles Walker","Male","Millie's New Husband"
"608","Ian Reed Kesler","Male","Douche"
"609","Darryl Alan Reed","Male","Bus Driver"
"610","Valente Rodriguez","Male","Employee #1"
"611","Yvette Nicole Brown","Female","New Secretary"
"612","Nicole Vicius","Female","Partygoer"
"613","Ryan Gosling","Male","Dean"
"614","Michelle Williams","Female","Cindy"
"615","Faith Wladyka","Female","Frankie"
"616","John Doman","Male","Jerry"
"617","Mike Vogel","Male","Bobby"
"618","Marshall Johnson","Male","Marshall"
"619","Jen Jones","Male","Gramma"
"620","Maryann Plunkett","Female","Glenda"
"621","James Benatti","Male","Jamie"
"622","Barbara Troy","Male","Jo"
"623","Carey Westbrook","Male","Charley"
"624","Ben Shenkman","Male","Dr. Feinberg"
"625","Eileen Rosen","Female","Mimi"
"626","Enid Graham","Female","Professor"
"627","Ashley Gurnari","Male","Checker"
"628","Chris Evans","Male","Nick"
"629","Alice Eve","Female","Brooke"
"630","Emma Fitzpatrick","Female","Hannah"
"631","John Cullum","Male","Danny"
"632","Mark Kassen","Male","Cole"
"633","Elijah Moreland","Male","Cole"
"634","Daniel Spink","Male","Tyler"
"635","Grim Reaper Q.","Male","Mohawk (as Grim Reaper Q)"
"636","Dorothi Fox","Female","Woman"
"637","Allie Woods Jr.","Male","Man (as Allie Woods)"
"638","Fenton Lawless","Male","Janitor"
"639","Troy Caylak","Male","Cabbie #1 (as Turhan Caylak)"
"640","Tony White","Male","Cabbie #2"
"641","Scott Evans","Male","Concierge"
"642","Kevin Carolan","Male","Driver"
"643","Lucy Hale","Female","Lily"
"644","Kathryn Prescott","Female","Chloe"
"645","Alexandra Shipp","Female","Amelia"
"646","Awkwafina","Female","Rebecca"
"647","Brooke Smith","Female","Lorraine"
"648","Sydney Lucas","Female","Olivia"
"649","Nora Dunn","Female","Rosa"
"650","Jerry MacKinnon","Male","Sam (as Jerry Mackinnon)"
"651","Alex Wolff","Male","Noah"
"652","Ronen Rubinstein","Male","Mike"
"653","Satya Bhabha","Male","Mr. Bemis"
"654","Ian Gomez","Male","Jerry"
"655","Colton Dunn","Male","Officer Higgins"
"656","Austin Abrams","Male","James"
"657","Austin Butler","Male","Thomas"
"658","Keanu Reeves","Male","Kai"
"659","Hiroyuki Sanada","Male","Oishi"
"660","Ko Shibasaki","Female","Mika (as Kô Shibasaki)"
"661","Tadanobu Asano","Male","Lord Kira"
"662","Min Tanaka","Female","Lord Asano"
"663","Jin Akanishi","Male","Chikara"
"664","Masayoshi Haneda","Male","Yasuno"
"665","Hiroshi Sogabe","Male","Hazama"
"666","Takato Yonemoto","Male","Basho"
"667","Hiroshi Yamada","Male","Hara"
"668","Shu Nakajima","Male","Horibe"
"669","Cary-Hiroyuki Tagawa","Male","Shogun Tsunayoshi"
"670","Neil Fingleton","Male","Lovecraftian Samurai"
"671","Rinko Kikuchi","Female","Witch"
"672","Natsuki Kunimoto","Female","Riku"
"673","Travis Fimmel","Male","Anduin Lothar"
"674","Ben Foster","Male","Medivh"
"675","Dominic Cooper","Male","Llane Wrynn"
"676","Toby Kebbell","Male","Durotan / Antonidas"
"677","Ben Schnetzer","Male","Khadgar"
"678","Robert Kazinsky","Male","Orgrim"
"679","Clancy Brown","Male","Blackhand"
"680","Daniel Wu","Male","Gul'dan"
"681","Burkely Duffield","Male","Callan"
"682","Callum Keith Rennie","Male","Moroes"
"683","Ryan Robbins","Male","Karos"
"684","Dean Redman","Male","Varis / Caged Frostwolf"
"685","Paula Patton","Female","Garona"
"686","Ruth Negga","Female","Lady Taria"
"687","Anna Galvin","Female","Draka"
"688","Mads Mikkelsen","Male","Duncan Vizla"
"689","Vanessa Hudgens","Female","Camille"
"690","Katheryn Winnick","Female","Vivian"
"691","Fei Ren","Female","Hilde"
"692","Ruby O. Fee","Female","Sindy"
"693","Matt Lucas","Male","Blut"
"694","Robert Maillet","Male","Karl"
"695","Anthony Grant","Male","Facundo"
"696","Josh Cruddas","Male","Alexei"
"697","Lovina Yavari","Female","Junkie Jane"
"698","Ayisha Issa","Female","Jazmin"
"699","Pedro Miguel Arce","Male","Pedro"
"700","Anastasia Marinina","Female","Evalina"
"701","Martin Zolotarev","Male","Evalina's Son"
"702","Richard Dreyfuss","Male","Porter"
"703","Noomi Rapace","Female","Sam Carlson"
"704","Olivia Jewson","Female","Sarah"
"705","Abdellatif Chaouqi","Male","Joe"
"706","Sophie Nélisse","Female","Zoe Tanner"
"707","Huw Parmenter","Male","Adam"
"708","Cherise Silvestri	","Female","Camille Simard"
"709","Indira Varma","Female","Rima Hassine"
"710","Sargon Yelda","Male","Anas"
"711","Robin Kermode","Male","Edward"
"712","harley Palmer Rothwell","Male","Nico"
"713","Akin Gazi","Male","Alik"
"714","Eoin Macken","Male","Conall Sinclair"
"715","Jonathan Jude","Male","Zack"
"716","Anna-Marie Sullivan","Female","Izzy (as Anna Marie Sullivan)"
"717","George Georgiou","Male","Nabil"
"718","Sandra Bullock","Female","Malorie"
"719","Trevante Rhodes","Male","Tom"
"720","John Malkovich","Male","Douglas"
"721","Sarah Paulson","Female","Jessica"
"722","Jacki Weaver","Female","Cheryl"
"723","Rosa Salazar","Female","Lucy"
"724","Danielle Macdonald","Female","Olympia"
"725","Lil Rel Howery	","Male","Charlie"
"726","Tom Hollander	","Male","Gary"
"727","Machine Gun Kelly	","Male","Felix (as Colson Baker)"
"728","BD Wong","Male","Greg"
"729","Pruitt Taylor Vince","Male","Rick"
"730","Vivien Lyra Blair","Female","Girl"
"731","Julian Edwards","Male","Boy"
"732","Parminder Nagra","Female","Dr. Lapham"
"733","Jim Carrey","Male","Carl"
"734","Zooey Deschanel","Female","Allison"
"735","Bradley Cooper","Male","Peter"
"736","John Michael Higgins","Male","Nick"
"737","Rhys Darby","Male","Norman"
"738","Danny Masterson","Male","Rooney"
"739","Fionnula Flanagan","Female","Tillie"
"740","Terence Stamp","Male","Terrence"
"741","Sasha Alexander","Female","Lucy"
"742","Molly Sims","Female","Stephanie"
"743","Brent Briscoe","Male","Homeless Guy"
"744","Sean O'Bryan","Male","Ted"
"745","Rocky Carroll","Male","Wes"
"746","John Cothran","Male","Tweed"
"747","Spencer Garrett","Male","Multack"
"748","Jay Baruchel","Male","Hiccup (voice)"
"749","America Ferrera","Female","Astrid (voice)"
"750","F. Murray Abraham","Male","Grimmel (voice)"
"751","Cate Blanchett","Female","Valka (voice)"
"752","Gerard Butler","Male","Stoick (voice)"
"753","Craig Ferguson","Male","Gobber (voice)"
"754","Jonah Hill","Male","Snotlout (voice)"
"755","Christopher Mintz-Plasse","Male","Fishlegs (voice)"
"756","Kristen Wiig","Female","Ruffnut (voice)"
"757","Kit Harington","Male","Eret (voice)"
"758","Justin Rupple","Male","Tuffnut (voice)"
"759","Robin Atkin Downes","Male","Ack (voice)"
"760","Kieron Elliott","Male","Hoark (voice)"
"761","Julia Emelin","Female","Griselda the Grevious (voice)"
"762","Gideon Emery","Male","Trapper (voice)"
"763","Taissa Farmiga","Female","Melanie Clark"
"764","Ben Rosenfield","Male","Dan Mercer"
"765","Lindsay Burdge","Female","Amanda"
"766","Joshua Leonard","Male","Mark"
"767","Jennifer Lafleur","Female","Ms. Anders (as Jennifer LaFleur)"
"768","Peter Vack","Male","Will"
"769","Dana Wheeler-Nicholson","Male","Joanne"
"770","Molly McMichael","Female","Jessica"
"771","Jason Newman","Male","Jason"
"772","Alysia Lucas","Female","Becca"
"773","Dillon Cavitt","Male","Jared"
"774","Elizabeth Lestina","Female","Liz"
"775","Nichole Worrell","Male","Nurse"
"776","Corby Sullivan","Male","Arresting Police Officer"
"777","Scott Colquitt","Male","Police Officer"
"778","Adam Sandler","Male","Henry Roth"
"779","Drew Barrymore","Female","Lucy Whitmore"
"780","Rob Schneider","Male","Ula"
"781","Sean Astin","Male","Doug Whitmore"
"782","Lusia Strus","Female","Alexa"
"783","Dan Aykroyd","Male","Dr. Keats"
"784","Amy Hill","Female","Sue"
"785","Allen Covert","Male","Ten Second Tom"
"786","Blake Clark","Male","Marlin Whitmore"
"787","Maya Rudolph","Female","Stacy"
"788","Pomaika'i Brown","Male","Nick "
"789","Joe Nakashima","Male","Old Hawaiian Man"
"790","Peter Dante","Male","Security Guard"
"791","Dom Magwili","Male","Security Guard"
"792","Jonathan Loughran","Male","Jennifer"
"793","Natalie Portman","Female","Evey"
"794","Hugo Weaving","Male","V"
"795","Stephen Rea","Male","Finch"
"796","Stephen Fry","Male","Deitrich"
"797","John Hurt","Male","Adam Sutler"
"798","Tim Pigott-Smith","Male","Creedy"
"799","Rupert Graves","Male","Dominic"
"800","Roger Allam","Male","Lewis Prothero"
"801","Sinead Cusack","Female","Delia Surridge"
"802","Ben Miles","Male","Dascomb"
"803","Natasha Wightman","Female","Valerie"
"804","John Standing","Male","Lilliman"
"805","Eddie Marsan","Male","Etheridge"
"806","Clive Ashborn","Male","Guy Fawkes"
"807","Emma Field-Rayner","Male","Guy Fawkes Lover "
"808","Jake Gyllenhaal","Male","Robert Graysmith"
"809","Mark Ruffalo","Male","Inspector David Toschi"
"810","Anthony Edwards","male","Inspector William Armstrong"
"811","Robert Downey Jr.","Male","Paul Avery"
"812","Brian Cox","Female","Melvin Belli"
"813","John Carroll Lynch","Male","Arthur Leigh Allen"
"814","Richmond Arquette","Male","Zodiac 1 / Zodiac 2"
"815","Bob Stephenson","Male","Zodiac 3"
"816","John Lacy","Male","Zodiac 4"
"817","Chloë Sevigny","Female","Melanie"
"818","Ed Setrakian","Male","Al Hyman"
"819","John Getz	","Male","Templeton Peck"
"820","John Terry","Male","Charles Thieriot"
"821","Candy Clark","Female","Carol Fisher"
"822","Elias Koteas","Male","Sgt. Jack Mulanax"
"823","Ryan Gosling","Male","Driver"
"824","Carey Mulligan","Female","Irene"
"825","Bryan Cranston","Male","Shannon"
"826","Albert Brooks","Male","Bernie Rose"
"827","Oscar Isaac","Male","Standard"
"828","Christina Hendricks","Female","Blanche"
"829","Ron Perlman","Male","Nino"
"830","Kaden Leos","Male","Benicio"
"831","Jeff Wolfe","Male","Tan Suit"
"832","James Biberi","Male","Cook"
"833","Russ Tamblyn","Male","Doc"
"834","Joe Bucaro III","Male","Chauffeur"
"835","Tiara Parker","Female","Young Woman"
"836","Tim Trella","Male","Hitman #1"
"837","Jimmy Hart","Male","Hitman #2"
"838","Russell Crowe","Male","Jackson Healy"
"839","Ryan Gosling","Male","Holland March"
"840","Angourie Rice","Female","Holly March"
"841","Matt Bomer","Male","John Boy"
"842","Margaret Qualley","Female","Amelia Kuttner"
"843","Yaya DaCosta","Female","Tally"
"844","Keith David","Male","Older Guy"
"845","Beau Knapp","Male","Blueface"
"846","Lois Smith","Female","Mrs. Glenn"
"847","Murielle Telio","Female","Misty Mountains"
"848","Gil Gerard","Male","Bergen Paulsen"
"849","Daisy Tahan","Female","Jessica"
"850","Kim Basinger","Female","Judith Kuttner"
"851","Jack Kilmer","Male","Chet"
"852","Lance Valentine Butler","Male","Kid on Bike"
"853","Steve Carell","Male","Cal"
"854","Ryan Gosling","Male","Jacob"
"855","Julianne Moore","Female","Emily"
"856","Emma Stone","Female","Hannah"
"857","Analeigh Tipton","Female","Jessica"
"858","Jonah Bobo","Female","Robbie"
"859","Joey King","Female","Molly"
"860","Marisa Tomei","Female","Kate"
"861","Beth Littleford","Female","Claire"
"862","John Carroll Lynch","Male","Bernie"
"863","Kevin Bacon","Female","David Lindhagen"
"864","Liza Lapira","Female","Liz"
"865","Josh Groban","Male","Richard"
"866","Mekia Cox","Female","Hip Hairdresser aka Tiffany"
"867","Julianna Guill","Female","Madison"
"868","Emma Stone","Female","Olive"
"869","Penn Badgley","Male","Woodchuck Todd"
"870","Amanda Bynes","Female","Marianne"
"871","Dan Byrd","Male","Brandon"
"872","Thomas Haden Church","Male","Mr. Griffith"
"873","Patricia Clarkson","Female","Rosemary"
"874","Cam Gigandet","Male","Micah"
"875","Lisa Kudrow","Female","Mrs. Griffith"
"876","Malcolm McDowell","Male","Principal Gibbons"
"877","Aly Michalka","Female","Rhiannon"
"878","Stanley Tucci","Male","Dill"
"879","Fred Armisen","Male","Pastor"
"880","Juliette Goglia","Female","Eighth Grade Olive"
"881","Jake Sandvig","Male","Anson"
"882","Morgan Rusler","Male","Mr. Abernathy"
"883","Justin Timberlake","Male","Dylan"
"884","Mila Kunis","Female","Jamie"
"885","Patricia Clarkson","Female","Lorna"
"886","Jenna Elfman","Female","Annie"
"887","Bryan Greenberg","Male","Parker"
"888","Richard Jenkins","Male","Mr. Harper"
"889","Woody Harrelson","Male","Tommy"
"890","Nolan Gould","Male","Sam"
"891","Andy Samberg","Male","Quincy"
"892","Shaun White","Male","Himself"
"893","Andrew Fleming","Male","Driver"
"894","Catherine Reitman","Female","Female Co-Worker"
"895","Courtney Henggeler","Female","Flight Attendant"
"896","Masi Oka","Male","Darin Arturo Morena"
"897","Tiya Sircar","Female","Hostess"
"898","Adam Devine","Male","Noah"
"899","Alexandra Daddario","Female","Avery"
"900","Shelley Hennig","Female","Carrie"
"901","Andrew Bachelor","Male","Max"
"902","Robbie Amell","Male","Ethan"
"903","Dean J. West","Male","Phil (as Dean West)"
"904","Tony Cavalero","Male","Angus Young"
"905","Delfeayo Marsalis","Male","Danny"
"906","Chris Wylde","Male","Mr. Costigan"
"907","Daryn Kahn","Male","Drunk Hulk (as Daryn Khan)"
"908","Peter Jaymes Jr.","Male","Chad (as Peter Jaymes)"
"909","Martin Bats Bradford","Male","Devon (as Martin Bradford)"
"910","Noureen DeWulf","Female","Margo"
"911","Chelsea Bruland","Female","Mary"
"912","Adam Henslee","Male","Amos"
"913","Lana Condor","Female","Lara Jean"
"914","Noah Centineo","Male","Peter"
"915","Janel Parrish","Female","Margot"
"916","Anna Cathcart","Female","Kitty"
"917","Andrew Bachelor","Male","Greg"
"918","Trezzo Mahoro","Male","Lucas"
"919","Madeleine Arthur","Female","Christine (as Madaleine Arthur)"
"920","Emilija Baranac","Female","Gen"
"921","Israel Broussard","Male","Josh"
"922","John Corbett","Male","Dr. Covey"
"923","Kelcey Mawema","Female","Emily"
"924","Julia Benson","Female","Mrs. Kavinsky"
"925","Joey Pacheco","Male","Owen"
"926","Edward Kewin","Male","Kenny"
"927","Jordan Burtchett","Male","John Ambrose"
"928","Robert Downey Jr.","Male","Tony Stark / Iron Man"
"929","Terrence Howard","Male","Rhodey"
"930","Jeff Bridges","Male","Obadiah Stane"
"931","Gwyneth Paltrow","Female","Pepper Potts"
"932","Leslie Bibb","Female","Christine Everhart"
"933","Shaun Toub","Male","Yinsen"
"934","Faran Tahir","Male","Raza"
"935","Clark Gregg","Female","Agent Coulson"
"936","Bill Smitrovich","Male","General Gabriel"
"937","Sayed Badreya","Male","Abu Bakaar"
"938","Paul Bettany","Male","JARVIS "
"939","Jon Favreau","Male","Hogan"
"940","Peter Billingsley","Male","William Ginter Riva"
"941","Tim Guinee","Male","Major Allen"
"942","Will Lyman","Male","Award Ceremony Narrator"
"943","Robert Downey Jr.","Male","Tony Stark"
"944","Gwyneth Paltrow","Female","Pepper Potts"
"945","Don Cheadle","Male","Lt. Col. James 'Rhodey' Rhodes"
"946","Scarlett Johansson","Female","Natalie Rushman / Natasha Romanoff"
"947","Sam Rockwell","Male","Justin Hammer"
"948","Mickey Rourke","Male","Ivan Vanko"
"949","Samuel L. Jackson","Male","Nick Fury"
"950","Clark Gregg","Male","Agent Coulson"
"951","John Slattery","Male","Howard Stark"
"952","Garry Shandling","Male","Senator Stern"
"953","Paul Bettany","Male","JARVIS (voice)"
"954","Kate Mara","Female","U.S. Marshal"
"955","Leslie Bibb","Female","Christine Everhart"
"956","Jon Favreau","Male","Happy Hogan"
"957","Christiane Amanpour","Female","Christiane Amanpour"
"958","Robert Downey Jr.","Male","Tony Stark"
"959","Gwyneth Paltrow","Female","Pepper Potts"
"960","Don Cheadle","Male","Colonel James Rhodes"
"961","Guy Pearce","Male","Aldrich Killian"
"962","Rebecca Hall","Female","Maya Hansen"
"963","Jon Favreau","Male","Happy Hogan"
"964","Ben Kingsley","Male","Trevor Slattery"
"965","James Badge Dale","Male","Savin"
"966","Stephanie Szostak","Female","Brandt"
"967","Paul Bettany","Male","JARVIS (voice)"
"968","William Sadler","Male","President Ellis"
"969","Dale Dickey","Female","Mrs. Davis"
"970","Ty Simpkins","Male","Harley Keener"
"971","Miguel Ferrer","Male","Vice President Rodriguez"
"972","Xueqi Wang","Male","Doctor Wu (as Wang Xueqi)"
"973","Tobey Maguire","Male","Spider-Man / Peter Parker"
"974","Willem Dafoe","Male","Green Goblin / Norman Osborn"
"975","Kirsten Dunst","Female","Mary Jane Watson"
"976","James Franco","Male","Harry Osborn"
"977","Cliff Robertson","Male","Ben Parker"
"978","Rosemary Harris","Female","May Parker"
"979","J.K. Simmons","Male","J. Jonah Jameson"
"980","Joe Manganiello","Male","Flash Thompson"
"981","Gerry Becker","Male","Maximilian Fargas"
"982","Bill Nunn","Male","Joseph 'Robbie' Robertson"
"983","Jack Betts","Male","Henry Balkan"
"984","Stanley Anderson","Male","General Slocum"
"985","Ron Perkins","Male","Dr. Mendell Stromm"
"986","Michael Papajohn	","Male","Carjacker"
"987","K.K. Dodds","Female","Simkins"
"988","Tobey Maguire","Male","Spider-Man / Peter Parker"
"989","Kirsten Dunst","Female","Mary Jane Watson"
"990","James Franco","Male","Harry Osborn"
"991","Alfred Molina","Male","Doc Ock / Dr. Otto Octavius"
"992","Rosemary Harris","Female","May Parker"
"993","J.K. Simmons","Male","J. Jonah Jameson"
"994","Donna Murphy","Female","Rosalie Octavius"
"995","Daniel Gillies","Male","John Jameson"
"996","Dylan Baker","Male","Dr. Curt Connors"
"997","Bill Nunn","Male","Joseph 'Robbie' Robertson"
"998","Vanessa Ferlito","Female","Louise"
"999","Aasif Mandvi","Male","Mr. Aziz"
"1000","Willem Dafoe","Male","Green Goblin / Norman Osborn"
"1001","Cliff Robertson","Male","Ben Parker"
"1002","Ted Raimi","Male","Hoffman"
"1003","Jerry O'Connell","Male","Superman / Clark Kent (voice)"
"1004","Rebecca Romijn","Female","Lois Lane (voice)"
"1005","Rainn Wilson","Male","Lex Luthor (voice)"
"1006","Rosario Dawson","Female","Wonder Woman (voice)"
"1007","Nathan Fillion","Male","Green Lantern (voice)"
"1008","Christopher Gorham","Male","The Flash (voice)"
"1009","Matt Lanter","Male","Aquaman (voice)"
"1010","Shemar Moore","Male","Cyborg (voice)"
"1011","Nyambi Nyambi","Male","Martian Manhunter (voice)"
"1012","Jason O'Mara","Male","Batman (voice)"
"1013","Jonathan Adams","Male","Mayor (voice)"
"1014","Rocky Carroll","Male","Silas Stone / Perry White (voice)"
"1015","Trevor Devall","Male","Dabney Donovan / Bruno Mannheim (voice)"
"1016","Paul Eiding","Male","Pa Kent / Intergang Member (voice)"
"1017","Patrick Fabian","Male","Hank Henshaw (voice)"
"1018","Katherine Heigl","Female","Holly Berenson"
"1019","Josh Duhamel","Male","Eric Messer"
"1020","Josh Lucas","Male","Sam"
"1021","Alexis Clagett","Female","Sophie"
"1022","Brynn Clagett","Male","Sophie"
"1023","Brooke Clagett","Male","Sophie"
"1024","Hayes MacArthur","Male","Peter Novak"
"1025","Christina Hendricks","Female","Alison Novak"
"1026","Sarah Burns","Female","Janine Groff"
"1027","Jessica St. Clair","Female","Beth"
"1028","Melissa McCarthy","Female","DeeDee"
"1029","Brooke Liddell","Female","Older Sophie"
"1030","Kiley Liddell","Female","Older Sophie"
"1031","Britt Flatmo","Female","Amy"
"1032","Rob Huebel","Male","Ted"
"1033","Robert Downey Jr.","Ma;e","Tony Stark / Iron Man"
"1034","Chris Evans","Male","Steve Rogers / Captain America"
"1035","Mark Ruffalo","Male","Bruce Banner / The Hulk"
"1036","Chris Hemsworth","Male","Thor"
"1037","Scarlett Johansson","Female","Natasha Romanoff / Black Widow"
"1038","Jeremy Renner","Male","Clint Barton / Hawkeye"
"1039","Tom Hiddleston","Male","Loki"
"1040","Clark Gregg","Male","Agent Phil Coulson"
"1041","Cobie Smulders","Female","Agent Maria Hill"
"1042","Stellan Skarsgård","Male","Selvig"
"1043","Samuel L. Jackson","Male","Nick Fury"
"1044","Gwyneth Paltrow","Female","Pepper Potts"
"1045","Paul Bettany","Male","Jarvis (voice)"
"1046","Alexis Denisof","Male","The Other"
"1047","Tina Benko","Female","NASA Scientist"
"1048","Robert Downey Jr.","Male","Tony Stark / Iron Man"
"1049","Chris Hemsworth","Male","Thor"
"1050","Mark Ruffalo","Male","Bruce Banner / Hulk"
"1051","Chris Evans","Male","Steve Rogers / Captain America"
"1052","Scarlett Johansson","Female","Natasha Romanoff / Black Widow"
"1053","Don Cheadle","Male","James Rhodes / War Machine"
"1054","Benedict Cumberbatch","Male","Doctor Strange"
"1055","Tom Holland","Male","Peter Parker / Spider-Man"
"1056","Chadwick Boseman","Male","T'Challa / Black Panther"
"1057","Zoe Saldana","Female","Gamora"
"1058","Karen Gillan","Female","Nebula"
"1059","Tom Hiddleston","Male","Loki"
"1060","Paul Bettany","Male","Vision"
"1061","Elizabeth Olsen","Female","Wanda Maximoff / Scarlet Witch"
"1062","Anthony Mackie","Male","Sam Wilson / Falcon"
"1063","Paul Rudd","Male","Scott Lang / Ant-Man"
"1064","Michael Douglas","Male","Dr. Hank Pym"
"1065","Evangeline Lilly","Female","Hope van Dyne"
"1066","Corey Stoll","Male","Darren Cross / Yellowjacket"
"1067","Bobby Cannavale","Male","Paxton"
"1068","Anthony Mackie","Male","Sam Wilson / Falcon"
"1069","Judy Greer","Female","Maggie Lang"
"1070","Abby Ryder Fortson","Female","Cassie Lang"
"1071","Michael Pena","Male","Luis"
"1072","David Dastmalchian","Male","Kurt"
"1073","T.I.","Male","Dave"
"1074","Wood Harris","Male","Gale"
"1075","Hayley Atwell","Female","Peggy Carter"
"1076","John Slattery","Male","Howard Stark"
"1077","Martin Donovan","Male","Mitchell Carson"
"1078","Edward Norton","Male","Bruce Banner"
"1079","Liv Tyler","Female","Betty Ross"
"1080","Tim Roth","Male","Emil Blonsky"
"1081","William Hurt","Male","General 'Thunderbolt' Ross"
"1082","Tim Blake Nelson","Male","Samuel Sterns"
"1083","Ty Burrell","Male","Leonard"
"1084","Christina Cabot","Female","Major Kathleen Sparr"
"1085","Peter Mensah","Male","General Joe Greller"
"1086","Lou Ferrigno","Male","Voice of The Incredible Hulk / Security Guard"
"1087","Paul Soles","Male","Stanley"
"1088","Debora Nascimento","Female","Martina"
"1089","Greg Bryk","Male","Commando"
"1090","Chris Owens","Male","Commando"
"1091","Al Vrkljan","Male","Commando "
"1092","Adrian Hein","Male","Commando"
"1093","Chris Hemsworth","Male","Thor"
"1094","Natalie Portman","Female","Jane Foster"
"1095","Tom Hiddleston","Male","Loki"
"1096","Anthony Hopkins","Male","Odin"
"1097","Christopher Eccleston","Male","Malekith"
"1098","Jaimie Alexander","Female","Sif"
"1099","Zachary Levi","Male","Fandral"
"1100","Ray Stevenson","Male","Volstagg"
"1101","Tadanobu Asano","Male","Hogun"
"1102","Idris Elba","Male","Heimdall"
"1103","Rene Russo","Female","Frigga"
"1104","Adewale Akinnuoye-Agbaje","Male","Algrim / Kurse"
"1105","Kat Dennings","Female","Darcy Lewis"
"1106","Stellan Skarsgård","Male","Erik Selvig"
"1107","Alice Krige","Female","Eir"
"1108","Chris Pratt","Male","Peter Quill / Star-Lord"
"1109","Zoe Saldana","Female","Gamora"
"1110","Dave Bautista","Male","Drax"
"1111","Vin Diesel","Male","Baby Groot (voice)"
"1112","Bradley Cooper","Male","Rocket (voice)"
"1113","Michael Rooker","Male","Yondu"
"1114","Karen Gillan","Female","Nebula"
"1115","Pom Klementieff","Female","Mantis"
"1116","Sylvester Stallone","Male","Stakar Ogord"
"1117","Kurt Russell","Male","Ego"
"1118","Elizabeth Debicki","Female","Ayesha"
"1119","Chris Sullivan","Male","Taserface"
"1120","Sean Gunn","Male","Kraglin / On-Set Rocket"
"1121","Tommy Flanagan","Male","Tullk"
"1122","Laura Haddock","Female","Meredith Quill"
"1123","Tom Holland","Male","	Peter Parker / Spider-Man"
"1124","Michael Keaton","Male","Adrian Toomes / Vulture"
"1125","Robert Downey Jr.","Male","Tony Stark / Iron Man"
"1126","Jon Favreau","Male","Happy Hogan"
"1127","Donald Glover","Male","Aaron Davis"
"1128","Jacob Batalon","Male","Ned"
"1129","Tony Revolori","Male","Flash"
"1130","Bokeem Woodbine","Male","Herman Schultz / Shocker #2"
"1131","Abraham Attah","Male","Abe"
"1132","Hannibal Buress","Male","Coach Wilson"
"1133","Tyne Daly","Female","Anne Marie Hoag"
"1134","Laura Harrier","Female","Liz"
"1135","Zendaya","Female","Michelle"
"1136","Gwyneth Paltrow","Female","Pepper Potts"
"1137","Marisa Tomei","Female","May Parker"
"1138","Chris Hemsworth","Male","Thor"
"1139","Tom Hiddleston","Male","Loki"
"1140","Idris Elba","Male","Heimdall"
"1141","Jeff Goldblum","Male","Grandmaster"
"1142","Karl Urban","Male","Skurge"
"1143","Mark Ruffalo","Male","Bruce Banner / Hulk"
"1144","Anthony Hopkins","Male","Odin"
"1145","Benedict Cumberbatch","Male","Doctor Strange"
"1146","Taika Waititi","Male","Korg (voice)"
"1147","Clancy Brown","Male","Surtur (voice)"
"1148","Tadanobu Asano","Male","Hogun"
"1149","Ray Stevenson","Male","Volstagg"
"1150","Rachel House","Female","Topaz"
"1151","Cate Blanchett","Female","Hela"
"1152","Tessa Thompson","Female","Valkyrie"
"1153","Richard Harris","Male","Albus Dumbledore"
"1154","Robbie Coltrane","Male","Hagrid"
"1155","Saunders Triplets","Male","Baby Harry Potter"
"1156","Daniel Radcliffe","Male","Harry Potter"
"1157","Harry Melling","Male","Dudley Dursley"
"1158","Richard Griffiths","Male","Uncle Vernon Dursley"
"1159","Derek Deadman","Male","Bartender in Leaky Cauldron"
"1160","Ian Hart","Male","Professor Quirrell"
"1161","Ben Borowiecki","Male","Diagon Alley Boy"
"1162","Warwick Davis","Male","Goblin Bank Teller / Professor Flitwick / Voi"
"1163","Verne Troyer","Male","Griphook (as Vern Troyer)"
"1164","John Hurt","Male","Mr. Ollivander"
"1165","Richard Bremmer","Male","He Who Must Not Be Named"
"1166","Fiona Shaw","Female","Aunt Petunia Dursley"
"1167","Maggie Smith","Female","Professor McGonagall"
"1168","Julie Walters","Female","Mrs. Weasley"
"1169","Bonnie Wright","Female","Ginny Weasley"
"1170","Fiona Shaw","Female","Aunt Petunia"
"1171","Emma Watson","Female","Hermione Granger"
"1172","Daniel Radcliffe","Male","Harry Potter"
"1173","Rupert Grint","Male","Ron Weasley"
"1174","Richard Griffiths","Male","Uncle Vernon"
"1175","Harry Melling","Male","Dudley Dursley"
"1176","Toby Jones","Male","Dobby (voice)"
"1177","Jim Norton","Male","Mr Mason"
"1178","Veronica Clifford","Male","Mrs Mason"
"1179","James Phelps","Male","Fred Weasley"
"1180","Oliver Phelps","Male","George Weasley"
"1181","Mark Williams","Male","Mr. Weasley"
"1182","Chris Rankin","Male","Percy Weasley"
"1183","Eddie Redmayne","Male","Newt"
"1184","Sam Redford","Male","Customs Official"
"1185","Scott Goldman","Male","Customs Official (voice)"
"1186","Tim Bentinck","Male","iWitness"
"1187","Tristan Tait","Male","Reporter"
"1188","Colin Farrell","Male","Graves"
"1189","Tom Clarke Hill","Male","Photographer 2 (as Tom Clarke-Hill)"
"1190","Matthew Sim","Male","Photographer 1"
"1191","Dan Fogler","Male","Jacob Kowalski"
"1192","Cory Peterson","Male","Bank Employee"
"1193","Faith Wood-Blagrove","Female","Modesty Barebone"
"1194","Katherine Waterston","Female","Tina"
"1195","Samantha Morton","Female","Mary Lou"
"1196","Ezra Miller","Female","Credence Barebone"
"1197","Jenn Murray","Female","Chastity Barebone"
"1198","Johnny Depp","Male","Grindelwald"
"1199","Kevin Guthrie","Male","Abernathy"
"1200","Wolf Roth","Male","Spielman"
"1201","Eddie Redmayne","Female","Newt Scamander"
"1202","Carmen Ejogo","Female","Seraphina Picquery"
"1203","Zoe Kravitz","Female","Leta Lestrange"
"1204","Callum Turner","Male","Theseus Scamander"
"1205","Derek Riddell","Male","Torquil Travers"
"1206","Cornell John","Male","Arnold Guzman (as Cornell S. John)"
"1207","Ezra Miller","Female","Credence Barebone"
"1208","Ingvar Eggert Sigurðsson","Male","Grimmson (as Ingvar Sigurdsson)"
"1209","Poppy Corby-Tuech","Female","Rosier"
"1210","Andrew Turner","Male","MacDuff"
"1211","Maja Bloom","Male","Carrow"
"1212","Simon Meacock","Male","Krafft"
"1213","Selena Gomez","Female","Mavis (voice)"
"1214","Fran Drescher","Female","Eunice (voice)"
"1215","Molly Shannon","Female","Wanda (voice)"
"1216","Luenell","Female","Shrunken Heads (voice)"
"1217","Jackie Sandler","Female","Martha (voice)"
"1218","Adam Sandler","Male","Dracula (voice)"
"1219","Andy Samberg","Male","Jonathan (voice)"
"1220","Kevin James","Male","Frankenstein (voice)"
"1221","Steve Buscemi","Male","Wayne (voice)"
"1222","David Spade","Male","Griffin (voice)"
"1223","CeeLo Green","Male","Murray (voice)"
"1224","Jon Lovitz","Male","Quasimodo (voice)"
"1225","Brian George","Male","Suit of Armor (voice)"
"1226","Brian Stack","Male","Pilot (voice)"
"1227","Chris Parnell","Male","Fly (voice)"
"1228","Selena Gomez	","Female","Mavis (voice)"
"1229","Fran Drescher","Female","Eunice (voice)"
"1230","Molly Shannon","Female","Wanda (voice)"
"1231","Megan Mullally","Female","Grandma Linda (voice)"
"1232","Adam Sandler","Male","Dracula (voice)"
"1233","Andy Samberg","Male","Jonathan (voice)"
"1234","Kevin James","Male","Frankenstein (voice)"
"1235","Steve Buscemi","Male","Wayne (voice)"
"1236","David Spade","Male","Griffin (voice)"
"1237","Keegan-Michael Key","Male","Murray (voice)"
"1238","Asher Blinkoff","Male","Dennis (voice)"
"1239","Nick Offerman","Male","Grandpa Mike (voice)"
"1240","Dana Carvey","Male","Dana (voice)"
"1241","Rob Riggle","Male","Bela (voice)"
"1242","Mel Brooks","Male","Vlad (voice)"
"1243","Selena Gomez","Female","Mavis (voice)"
"1244","Fran Drescher","Female","Eunice (voice)"
"1245","Molly Shannon","Female","Wanda (voice)"
"1246","Kathryn Hahn","Female","Ericka (voice)"
"1247","Chrissy Teigen","Female","Crystal (voice)"
"1248","Kevin James","Male","Frankenstein (voice)"
"1249","Steve Buscemi","Male","Wayne (voice)"
"1250","David Spade","Male","Griffin (voice)"
"1251","Andy Samberg","Male","Jonathan"
"1252","Keegan-Michael Key","Male","Murray (voice)"
"1253","Jim Gaffigan","Male","Van Helsing (voice)"
"1254","Adam Sandler","Male","Dracula (voice)"
"1255","Asher Blinkoff","Male","Dennis (voice)"
"1256","Chris Parnell","Male","Stan / Fish Man (voice)"
"1257","Joe Jonas","Male","The Kraken (voice)"
"1258","Channing Tatum","Male","Migo (voice)"
"1259","James Corden","Male","Percy (voice)"
"1260","Common","Male","Stonekeeper (voice)"
"1261","LeBron James","Male","Gwangi (voice)"
"1262","Danny DeVito","Male","Dorgle (voice)"
"1263","Ely Henry","Male","Fleem (voice)"
"1264","Jimmy Tatro","Male","Thorp (voice)"
"1265","Justin Roiland","Male","Garry (voice)"
"1266","Jack Quaid","Male","Pilot (voice)"
"1267","Sarah Baker","Female","Soozie's Mom (voice)"
"1268","Kelly Holden Bashar","Female","Additional Voices (voice)"
"1269","Patricia Heaton","Female","Mama Bear (voice)"
"1270","Yara Shahidi","Female","Brenda (voice)"
"1271","Gina Rodriguez","Female","Kolka (voice)"
"1272","Zendaya","Female","Meechee (voice)"
"1273","Jack Black","Male","Jonathan Barnavelt"
"1274","Cate Blanchett","Female","Florence Zimmerman"
"1275","Owen Vaccaro","Male","Lewis Barnavelt"
"1276","Kyle MacLachlan","Male","Isaac Izard"
"1277","Renée Elise Goldsberry","Female","Selena Izard"
"1278","Colleen Camp","Female","Mrs. Hanchett"
"1279","Sunny Suljic","Female","Tarby Corrigan"
"1280","Lorenza Izzo","Female","Mother"
"1281","Braxton Bjerken","Male","Woody Mingo"
"1282","Vanessa Anne Williams","Female","Rose Rita Pottinger"
"1283","Ricky Muse","Male","Bus Driver (as Ricky Lynn Muse)"
"1284","Charles Green","Male","Soda Jerk"
"1285","De'Jon Watts","Male","Clark (as DJ Watts)"
"1286","Aaron Beelner","Male","Clown Automaton"
"1287","Joshua Phillips","Male","Clown Automaton"
"1288","Wendi McLendon-Covey","Female","Kathy"
"1289","Madison Iseman","Female","Sarah"
"1290","Jeremy Ray Taylor","Male","Sonny"
"1291","Caleel Harris","Male","Sam"
"1292","Ken Jeong","Male","Mr. Chu"
"1293","Chris Parnell","Male","Walter"
"1294","Bryce Cass","Male","Tyler"
"1295","Peyton Wich","Male","Tommy Madigan"
"1296","Shari Headley","Female","Mrs. Carter"
"1297","Christian Finlayson","Male","Cooper"
"1298","Matthew J. Vasquez","Male","Derek (as Matthew Jose Vasquez)"
"1299","Courtney Lauren Cummings","Female","Tyler's Crew (as Courtney Cummings)"
"1300","Jessi Goei","Female","Tyler's Crew"
"1301","Drew Scheid","Male","Tyler's Crew"
"1302","Tyler Silva","Male","Tyler's Crew"
"1303","Jack Black","Male","Stine"
"1304","Dylan Minnette","Male","Zach"
"1305","Odeya Rush","Female","Hannah"
"1306","Ryan Lee","Male","Champ"
"1307","Amy Ryan","Female","Gale"
"1308","Jillian Bell","Female","Lorraine"
"1309","Halston Sage","Female","Taylor"
"1310","Steven Krueger","Male","Davidson"
"1311","Keith Arthur Bolden","Male","Principal Garrison"
"1312","Amanda Lund","Female","Officer Brooks"
"1313","Timothy Simons","Male","Officer Stevens"
"1314","Ken Marino","Male","Coach Carr"
"1315","Karan Soni","Male","Mr. Rooney"
"1316","R.L. Stine","Male","Hallway Player"
"1317","Caleb Emery","Male","Dumb Jock"
"1318","Alex Neustaedter","Male","Miles"
"1319","Becky G","Female","Sara Reyes"
"1320","Alex MacNicoll","Male","Sam Fontaine"
"1321","Dominic Rains","Male","Andric"
"1322","Thomas Jane","Male","Chuck Hill"
"1323","Lou Taylor Pucci","Male","Randall"
"1324","Niko Guardado","Male","Scroggins"
"1325","Patricia De Leon","Female","Joanna Reyes"
"1326","Marie-Françoise Theodore","Female","Captain Webber (as Marie-Francoise Theodore)"
"1327","Ted McGinley","Male","George Fontaine"
"1328","Madeline Bertani","Female","Lyssa"
"1329","Andrew Ortenberg","Male","Royce"
"1330","Hassie Harrison","Female","Kirsten - Gas Station Girl"
"1331","Sam Upton","Male","Craine Operative Stark"
"1332","Magdalene Vick","Female","Pam"
"1333","Daniel Radcliffe","Male","Harry Potter"
"1334","Richard Griffiths","Male","Uncle Vernon"
"1335","Pam Ferris","Female","Aunt Marge"
"1336","Fiona Shaw","Female","Aunt Petunia"
"1337","Harry Melling","Male","Dudley Dursley"
"1338","Adrian Rawlins","Male","James Potter"
"1339","Geraldine Somerville","Female","Lily Potter"
"1340","Lee Ingleby","Male","Stan Shunpike"
"1341","Lenny Henry","Male","Shrunken Head"
"1342","Jimmy Gardner","Male","Ernie the Bus Driver"
"1343","Gary Oldman","Male","Sirius Black"
"1344","Jim Tavaré","Male","Tom the Innkeeper"
"1345","Robert Hardy","Male","Cornelius Fudge"
"1346","Abby Ford","Female","Young Witch Maid"
"1347","Rupert Grint","Male","Ron Weasley"
"1348","Eric Sykes","Male","Frank Bryce"
"1349","Timothy Spall","Male","Wormtail"
"1350","David Tennant","Male","Barty Crouch Junior"
"1351","Daniel Radcliffe","Male","Harry Potter"
"1352","Emma Watson","Female","Hermione Granger"
"1353","Rupert Grint","Male","Ron Weasley"
"1354","Mark Williams","Male","Arthur Weasley"
"1355","James Phelps","Male","Fred Weasley"
"1356","Oliver Phelps","Male","George Weasley"
"1357","Bonnie Wright","Female","Ginny Weasley"
"1358","Jeff Rawle","Male","Amos Diggory"
"1359","Robert Pattinson","Male","Cedric Diggory"
"1360","Jason Isaacs","Male","Lucius Malfoy"
"1361","Tom Felton","Male","Draco Malfoy"
"1362","Stanislav Yanevski","Male","Viktor Krum (as Stanislav Ianevski)"
"1363","Daniel Radcliffe","Male","Harry Potter"
"1364","Harry Melling","Male","Dudley Dursley"
"1365","Jason Boyd","Male","Piers"
"1366","Richard Macklin","Male","Malcolm"
"1367","Kathryn Hunter","Female","Mrs. Arabella Figg"
"1368","Miles Jupp","Male","TV Weatherman"
"1369","Fiona Shaw","Female","Petunia Dursley"
"1370","Richard Griffiths","Male","Vernon Dursley"
"1371","Jessica Hynes","Female","Mafalda Hopkirk (voice) (as Jessica Stevenson"
"1372","Adrian Rawlins","Male","James Potter"
"1373","Geraldine Somerville","Female","Lily Potter"
"1374","Robert Pattinson","Male","Cedric Diggory (archive footage)"
"1375","Ralph Fiennes","Male","Lord Voldemort"
"1376","Natalia Tena","Male","Nymphadora Tonks"
"1377","Brendan Gleeson","Male","Alastor 'Mad-Eye' Moody"
"1378","Bill Nighy","Male","Minister Rufus Scrimgeour"
"1379","Emma Watson","Female","Hermione Granger"
"1380","Richard Griffiths","Male","Vernon Dursley"
"1381","Harry Melling","Male",".Dudley Dursley"
"1382","Daniel Radcliffe","Male","Harry Potter"
"1383","Julie Walters","Female","Molly Weasley"
"1384","Bonnie Wright","Female","Ginny Weasley"
"1385","Rupert Grint","Male","Ron Weasley"
"1386","Ian Kelly","Male","Mr. Granger"
"1387","Michelle Fairley","Female","Mrs. Granger"
"1388","Fiona Shaw","Female","Petunia Dursley"
"1389","Alan Rickman","Male","Professor Severus Snape"
"1390","Carolyn Pickles","Female","Charity Burbage"
"1391","Ralph Fiennes","Male","Lord Voldemort"
"1392","Helena Bonham Carter","Female","Bellatrix Lestrange"
"1393","Ralph Fiennes","Male","Lord Voldemort"
"1394","Michael Gambon","Male","Professor Albus Dumbledore"
"1395","Alan Rickman","Male","Professor Severus Snape"
"1396","Daniel Radcliffe","Male","Harry Potter"
"1397","Rupert Grint","Male","Ron Weasley"
"1398","Emma Watson","Female","Hermione Granger"
"1399","Evanna Lynch","Female","Luna Lovegood"
"1400","Domhnall Gleeson","Male","Bill Weasley"
"1401","Clemence Poesy","Female","Fleur Delacour"
"1402","Warwick Davis","Male","Griphook / Professor Filius Flitwick"
"1403","John Hurt",,"Ollivander"
"1404","Helena Bonham Carter","Female","Bellatrix Lestrange"
"1405","Graham Duff","Male","Death Eater"
"1406","Anthony Allgood","Male","Gringotts' Guard"
"1407","Gringotts' Guard","Male","Aged Gringotts' Goblin"
"1408","Paul Walker","Male","Brian O'Conner"
"1409","Vin Diesel","Male","Dominic Toretto"
"1410","Michelle Rodriguez","Female","Letty"
"1411","Jordana Brewster","Female","Mia Toretto"
"1412","Rick Yune","Male","Johnny Tran"
"1413","Chad Lindberg","Male","Jesse"
"1414","Johnny Strong","Male","Leon"
"1415","Matt Schulze","Male","Vince"
"1416","Ted Levine","Male","Sgt. Tanner"
"1417","Ja Rule","Male","Edwin"
"1418","Vyto Ruginis","Male","Harry"
"1419","Thom Barry","Male","Agent Bilkins"
"1420","Stanton Rutledge","Male","Muse"
"1421","Noel Gugliemi","Male","Hector (as Noel Guglielmi)"
"1422","R.J. de Vera","Male","Danny Yamato (as R.J. De Vera)"
"1423","Paul Walker","Male","Brian O'Conner"
"1424","Tyrese Gibson","Male","Roman Pearce (as Tyrese)"
"1425","Eva Mendes","Female","Monica Fuentes"
"1426","Cole Hauser","Male","Carter Verone"
"1427","Ludacris","Male","Tej (as Chris 'Ludacris' Bridges)"
"1428","Thom Barry","Male","Agent Bilkins"
"1429","James Remar","Male","Agent Markham"
"1430","Devon Aoki","Female","Suki"
"1431","Amaury Nolasco","Male","Orange Julius"
"1432","Michael Ealy","Male","Slap Jack"
"1433","Jin Au-Yeung","Male","Jimmy (as Jin Auyeung)"
"1434","Edward Finlay","Male","Agent Dunn"
"1435","Mark Boone Junior","Male","Detective Whitworth"
"1436","Mo Gallini","Female","Enrique (as Matt Gallini)"
"1437","Roberto 'Sanz' Sanchez","Male","Roberto"
"1438","Lucas Black","Male","Sean Boswell"
"1439","Damien Marzette","Female","High School Security Guard (as Damien Marzett"
"1440","Trula M. Marcus","Male","American Math Teacher (as Trula Marcus)"
"1441","Zachery Ty Bryan","Male","Clay (as Zachery Bryan)"
"1442","Brandon Brendel","Male","Clay's Buddy #1"
"1443","Daniel Booko","Male","Clay's Buddy #2"
"1444","David V. Thomas","Male","Clay's Buddy #3"
"1445","Amber Stevens West","Female","Cheerleader #1 (as Amber Stevens)"
"1446","Ashika Gogna","Female","Cheerleader #2"
"1447","Christian Salazar","Male","Chubby Hispanic Kid"
"1448","Kevin Caira","Male","Auto Shop Bully #1"
"1449","Trey Sanford","Male","Auto Shop Bully #2 (as Julius Trey Sanford)"
"1450","Danny Ray McDonald II","Male","Auto Shop Bully #3"
"1451","Nikki Griffin","Female","Cindy - Clay's Girlfriend"
"1452","Vincent Laresca","Male","Case Worker"
"1453","Vin Diesel","Male","Dominic Toretto"
"1454","Paul Walker","Male","Brian O'Conner"
"1455","Jordana Brewster","Female","Mia"
"1456","Michelle Rodriguez","Female","Letty"
"1457","John Ortiz","Male","Campos"
"1458","Laz Alonso","Male","Fenix"
"1459","Gal Gadot","Female","Gisele"
"1460","Jack Conley","Male","Penning"
"1461","Shea Whigham","Male","Stasiak"
"1462","Liza Lapira","Female","Trinh"
"1463","Sung Kang","Male","Han"
"1464","Tego Calderon","Male","Tego"
"1465","Don Omar","Male","Don Omar"
"1466","Mirtha Michelle","Female","Cara"
"1467","Greg Cipes","Male","Dwight"
"1468","Vin Diesel","Male","Dominic Toretto"
"1469","Paul Walker","Male","Brian O'Conner"
"1470","Dwayne Johnson","Male","Hobbs"
"1471","Jordana Brewster","Female","Mia"
"1472","Michelle Rodriguez","Female","Letty"
"1473","Tyrese Gibson","Male","Roman"
"1474","Sung Kang","Male","Han"
"1475","Gal Gadot","Female","Gisele"
"1476","Ludacris","Male","Tej (as Chris 'Ludacris' Bridges)"
"1477","Luke Evans","Male","Shaw"
"1478","Elsa Pataky","Female","Elena"
"1479","Gina Carano","Female","Riley"
"1480","Clara Paget","Female","Vegh"
"1481","Kim Kold","Male","Klaus"
"1482","Joe Taslim","Male","Jah"
