"1","Avatar 1","English, Spanish","7.8","18 December 2009","2h 42min","When his brother is killed in a robbery, paraplegic Marine Jake Sully decides to take his place in a mission on the distant world of Pandora. There he learns of greedy corporate figurehead Parker Selfridge's intentions of driving off the native humanoid ""Na'vi"" in order to mine for the precious material scattered throughout their rich woodland. In exchange for the spinal surgery that will fix his legs, Jake gathers intel for the cooperating military unit spearheaded by gung-ho Colonel Quaritch, while simultaneously attempting to infiltrate the Na'vi people with the use of an ""avatar"" identity. While Jake begins to bond with the native tribe and quickly falls in love with the beautiful alien Neytiri, the restless Colonel moves forward with his ruthless extermination tactics, forcing the soldier to take a stand - and fight back in an epic battle for the fate of Pandora."
"2","Aquaman ","English ","7.4","21 December 2018","2h 23min","Arthur Curry, half human half from Atlantis, goes on a trip of a lifetime. Not only does this adventure compel him to come to terms with his real identity, but it also forces him to discover whether he is entirely worthy of fulfilling his own destiny: becoming a king."
"3","Black Panther","Swahili, Nama, English, Xhosa, Korean","7.4","16 February 2018","2h 14min","After the events of Captain America: Civil War, Prince T'Challa returns home to the reclusive, technologically advanced African nation of Wakanda to serve as his country's new king. However, T'Challa soon finds that he is challenged for the throne from factions within his own country. When two foes conspire to destroy Wakanda, the hero known as Black Panther must team up with C.I.A. agent Everett K. Ross and members of the Dora Milaje, Wakandan special forces, to prevent Wakanda from being dragged into a world war."
"4","Doctor Strange","English","7.5","4 November 2016","1h 55min","Marvel's ""Doctor Strange"" follows the story of the talented neurosurgeon Doctor Stephen Strange who, after a tragic car accident, must put ego aside and learn the secrets of a hidden world of mysticism and alternate dimensions. Based in New York City's Greenwich Village, Doctor Strange must act as an intermediary between the real world and what lies beyond, utilising a vast array of metaphysical abilities and artifacts to protect the Marvel Cinematic Universe."
"5","Guardians of the Galaxy","English ","8.1","1 August 2014","2h 1min","After stealing a mysterious orb in the far reaches of outer space, Peter Quill from Earth is now the main target of a manhunt led by the villain known as Ronan the Accuser. To help fight Ronan and his team and save the galaxy from his power, Quill creates a team of space heroes known as the ""Guardians of the Galaxy"" to save the galaxy."
"6","Finding Dory","English, Indonesian","7.3","17 June 2016","1h 37min","Dory is a wide-eyed, blue tang fish who suffers from memory loss every 10 seconds or so. The one thing she can remember is that she somehow became separated from her parents as a child. With help from her friends Nemo and Marlin, Dory embarks on an epic adventure to find them. Her journey brings her to the Marine Life Institute, a conservatory that houses diverse ocean species."
"7","Moana","English ","7.6","23 November 2016"," 1h 47min","Moana Waialiki is a sea voyaging enthusiast and the only daughter of a chief in a long line of navigators. When her island's fishermen can't catch any fish and the crops fail, she learns that the demigod Maui caused the blight by stealing the heart of the goddess, Te Fiti. The only way to heal the island is to persuade Maui to return Te Fiti's heart, so Moana sets off on an epic journey across the Pacific. The film is based on stories from Polynesian mythology. "
"8","Deadpool 1","English, Cantonese, Spanish, Russian","8.0","18 May 2018","1h 59min","This is the origin story of former Special Forces operative turned mercenary Wade Wilson, who after being subjected to a rogue experiment that leaves him with accelerated healing powers, adopts the alter ego Deadpool. Armed with his new abilities and a dark, twisted sense of humor, Deadpool hunts down the man who nearly destroyed his life. "
"9","Captain America: The Winter Soldier","English, French","7.8","4 April 2014","2h 16min","For Steve Rogers, awakening after decades of suspended animation involves more than catching up on pop culture; it also means that this old school idealist must face a world of subtler threats and difficult moral complexities. That becomes clear when Director Nick Fury is killed by the mysterious assassin, the Winter Soldier, but not before warning Rogers that SHIELD has been subverted by its enemies. When Rogers acts on Fury's warning to trust no one there, he is branded as a traitor by the organization. Now a fugitive, Captain America must get to the bottom of this deadly mystery with the help of the Black Widow and his new friend, The Falcon. However, the battle will be costly for the Sentinel of Liberty, with Rogers finding enemies where he least expects them while learning that the Winter Soldier looks disturbingly familiar."
"10","Thor","English ","7.0","6 May 2011","1h 55min","The warrior Thor (Chris Hemsworth) is cast out of the fantastic realm of Asgard by his father Odin (Sir Anthony Hopkins) for his arrogance and sent to Earth to live amongst humans. Falling in love with scientist Jane Foster (Natalie Portman) teaches Thor much-needed lessons, and his new-found strength comes into play as a villain from his homeland sends dark forces toward Earth. "
"11","Glass","English, Spanish","7.0","18 January 2019","2h 9min","After pursuing Kevin Wendell Crumb and the multiple identities that reside within. David Dunn finds himself locked in a mental hospital alongside his archenemy, Elijah Price and must contend with a psychiatrist who is out to prove the trio do not actually possess superhuman abilities"
"12","Bumblebee","English","7.1","21 December 2018","1h 54min","On the run in the year 1987, Bumblebee finds refuge in a junkyard in a small Californian beach town. Charlie (Hailee Steinfeld), on the cusp of turning 18 and trying to find her place in the world, discovers Bumblebee, battle-scarred and broken. When Charlie revives him, she quickly learns this is no ordinary, yellow VW bug."
"13","Transformers: Dark of the Moon","English","6.3","29 June 2011","2h 34min","Autobots Bumblebee, Ratchet, Ironhide, Mirage (aka Dino), Wheeljack (aka Que) and Sideswipe led by Optimus Prime, are back in action taking on the evil Decepticons, who are eager to avenge their recent defeat. The Autobots and Decepticons become involved in a perilous space race between the United States and Russia to reach a hidden Cybertronian spacecraft on the moon and learn its secrets, and once again Sam Witwicky has to go to the aid of his robot friends. The new villain Shockwave is on the scene while the Autobots and Decepticons continue to battle it out on Earth."
"14","Venom","English","6.8","5 October 2018","1h 52min","After a faulty interview with the Life Foundation ruins his career, former reporter Eddie Brock's life is in pieces. Six months later, he comes across the Life Foundation again, and he comes into contact with an alien symbiote and becomes Venom, a parasitic antihero."
"15","Fast Five","English, Portuguese, Spanish, Italian, French","7.3","29 April 2011","2h 10min","Former cop Brian O'Conner partners with ex-con Dom Toretto on the opposite side of the law. Since Brian and Mia Toretto broke Dom out of custody, they've blown across many borders to elude authorities. Now backed into a corner in Rio de Janeiro, they must pull one last job in order to gain their freedom. As they assemble their elite team of top racers, the unlikely allies know their only shot of getting out for good means confronting the corrupt businessman who wants them dead. But he's not the only one on their tail. Hard-nosed federal agent Luke Hobbs never misses his target. When he is assigned to track down Dom and Brian, he and his strike team launch an all-out assault to capture them. But as his men tear through Brazil, Hobbs learns he can't separate the good guys from the bad. Now, he must rely on his instincts to corner his prey... before someone else runs them down first."
"16","Pirates of the Caribbean: On Stranger Tides"," English, Spanish","6.6","20 May 2011","2h 16min","Captain Jack Sparrow (Depp) crosses paths with a woman from his past (Cruz), and he's not sure if it's love -- or if she's a ruthless con artist who's using him to find the fabled Fountain of Youth. When she forces him aboard the Queen Anne's Revenge, the ship of the formidable pirate Blackbeard (McShane), Jack finds himself on an unexpected adventure in which he doesn't know who to fear more: Blackbeard or the woman from his past."
"17","Deadpool 2"," English, Cantonese, Spanish, Russian","7.8","18 May 2018","1h 59min","After losing Vanessa (Morena Baccarin), the love of his life, 4th-wall breaking mercenary Wade Wilson aka Deadpool (Ryan Reynolds) must assemble a team and protect a young, full-figured mutant Russell Collins aka Firefist (Julian Dennison) from Cable (Josh Brolin), a no-nonsense, dangerous cyborg from the future, and must also learn the most important lesson of all: to be part of a family again."
"18","Pirates of the Caribbean: At World's End","English","7.1","25 May 2007","2h 49min","After Elizabeth, Will, and Captain Barbossa rescue Captain Jack Sparrow from the the land of the dead, they must face their foes, Davy Jones and Lord Cutler Beckett. Beckett, now with control of Jones' heart, forms a dark alliance with him in order to rule the seas and wipe out the last of the Pirates. Now, Jack, Barbossa, Will, Elizabeth, Tia Dalma, and crew must call the Pirate Lords from the four corners of the globe, including the infamous Sao Feng, to gathering. The Pirate Lords want to release the goddess Calypso, Davy Jones's damned lover, from the trap they sent her to out of fear, in which the Pirate Lords must combine the 9 pieces that bound her by ritual to undo it and release her in hopes that she will help them fight. With this, all pirates will stand together and will make their final stand for freedom against Beckett, Jones, Norrington, the Flying Dutchman, and the entire East India Trading Company."
"19","Avengers: Age of Ultron"," English, Korean","7.4","1 May 2015","2h 21min","Tony Stark creates the Ultron Program to protect the world, but when the peacekeeping program becomes hostile, The Avengers go into action to try and defeat a virtually impossible enemy together. Earth's mightiest heroes must come together once again to protect the world from global extinction."
"20","Superman Returns","English, German, French","6.1","28 June 2006","2h 34min","Following a mysterious absence of several years, the Man of Steel comes back to Earth in the epic action-adventure Superman Returns, a soaring new chapter in the saga of one of the world's most beloved superheroes. While an old enemy plots to render him powerless once and for all, Superman faces the heartbreaking realization that the woman he loves, Lois Lane, has moved on with her life. Or has she? Superman's bittersweet return challenges him to bridge the distance between them while finding a place in a society that has learned to survive without him. In an attempt to protect the world he loves from cataclysmic destruction, Superman embarks on an epic journey of redemption that takes him from the depths of the ocean to the far reaches of outer space."
"21","John Carter","English","6.6","9 March 2012","2h 12min","John Carter, a Civil War veteran, who in 1868 was trying to live a normal life, is ""asked"" by the Army to join, but he refuses so he is locked up. He escapes, and is pursued. Eventually they run into some Indians, and there's a gunfight. Carter seeks refuge in a cave. While there, he encounters someone who is holding some kind of medallion. When Carter touches it, he finds himself in a place where he can leap incredible heights, among other things. He later encounters beings he has never seen before. He meets a woman who helps him to discover that he is on Mars, and he learns there's some kind of unrest going on."
"22","Tangled","English","7.8"," 24 November 2010","1h 40min","After receiving the healing powers from a magical flower, the baby Princess Rapunzel is kidnapped from the palace in the middle of the night by Mother Gothel. Mother Gothel knows that the flower's magical powers are now growing within the golden hair of Rapunzel, and to stay young, she must lock Rapunzel in her hidden tower. Rapunzel is now a teenager and her hair has grown to a length of 70-feet. The beautiful Rapunzel has been in the tower her entire life, and she is curious of the outside world. One day, the bandit Flynn Ryder scales the tower and is taken captive by Rapunzel. Rapunzel strikes a deal with the charming thief to act as her guide to travel to the place where the floating lights come from that she has seen every year on her birthday. Rapunzel is about to have the most exciting and magnificent journey of her life."
"23","Spider-Man 3","English, French","6.2"," 4 May 2007","2h 19min","Peter Parker has finally managed to piece together the once-broken parts of his life, maintaining a balance between his relationship with Mary-Jane and his responsibility as Spider-Man. But more challenges arise for our young hero. Peter's old friend Harry Obsourne has set out for revenge against Peter; taking up the mantle of his late father's persona as The New Goblin, and Peter must also capture Uncle Ben's real killer, Flint Marko, who has been transformed into his toughest foe yet, the Sandman. All hope seems lost when suddenly Peter's suit turns jet-black and greatly amplifies his powers. But it also begins to greatly amplify the much darker qualities of Peter's personality that he begins to lose himself to. Peter has to reach deep inside himself to free the compassionate hero he used to be if he is to ever conquer the darkness within and face not only his greatest enemies, but also...himself."
"24","The Lone Ranger","English, North American Indian","6.4","3 July 2013","2h 30min","In the 1930s, an elderly Tonto tells a young boy the tale of John Reid, the Lone Ranger. An idealistic lawyer, he rides with his brother and fellow Texas Rangers in pursuit of the notorious Butch Cavendish. Ambushed by the outlaw and left for dead, John Reid is rescued by the renegade Comanche, Tonto, at the insistence of a mysterious white horse and offers to help him to bring Cavendish to justice. Becoming a reluctant masked rider with a seemingly incomprehensible partner, Reid pursues the criminal against all obstacles. However, John and Tonto learn that Cavendish is only part of a far greater injustice and the pair must fight it in an adventure that would make them a legend."
"25","The Dark Knight Rises","English, Arabic","8.4"," 20 July 2012","2h 44min","Despite his tarnished reputation after the events of The Dark Knight, in which he took the rap for Dent's crimes, Batman feels compelled to intervene to assist the city and its police force which is struggling to cope with Bane's plans to destroy the city."
"26","Harry Potter and the Half-Blood Prince","English","7.6"," 15 July 2009","2h 33min","In Harry Potter's sixth year at Hogwarts School of Witchcraft, Harry finds a book marked mysteriously, ""This book is the property of the Half Blood Prince,"" which helps him excel at Potions class and teaches him a few dark and dangerous ones along the way. Meanwhile, Harry is taking private lessons with Dumbledore in order to find out about Voldemort's past so they can find out what might his only weakness."
"27","Batman v Superman: Dawn of Justice","English","6.5","25 March 2016","2h 31min","The general public is concerned over having Superman on their planet and letting the ""Dark Knight"" - Batman - pursue the streets of Gotham. While this is happening, a power-phobic Batman tries to attack Superman. Meanwhile, Superman tries to settle on a decision, and Lex Luthor, the criminal mastermind and millionaire, tries to use his own advantages to fight the ""Man of Steel""."
"28","The Hobbit: The Battle of the Five Armies","English","7.4","17 December 2014","2h 24min","After the Dragon leaves the Lonely Mountain, the people of Lake-town see a threat coming. Orcs, dwarves, elves and people prepare for war. Bilbo sees Thorin going mad and tries to help. Meanwhile, Gandalf is rescued from the Necromancer's prison and his rescuers realize who the Necromancer is."
"29","Captain America: Civil War","English, German, Xhosa, Russian, Romanian, Hindi","7.8","6 May 2016","2h 27min","With many people fearing the actions of super heroes, the government decides to push for the Hero Registration Act, a law that limits a hero's actions. This results in a division in The Avengers. Iron Man stands with this Act, claiming that their actions must be kept in check otherwise cities will continue to be destroyed, but Captain America feels that saving the world is daring enough and that they cannot rely on the government to protect the world. This escalates into an all-out war between Team Iron Man (Iron Man, Black Panther, Vision, Black Widow, War Machine, and Spider-Man) and Team Captain America (Captain America, Bucky Barnes, Falcon, Scarlet Witch, Hawkeye, and Ant Man) while a new villain emerges."
"30","X-Men: Days of Future Past","English, Vietnamese, French","8.0","23 May 2014","2h 12min","In the future, the mutants and the humans who help them are slaughtered by powerful robots named Sentinels. Professor Xavier, Wolverine, Magneto, Storm, Kitty Pryde, and her friends meet at a monastery in China and Xavier explains that the invincible Sentinels were created using the DNA of Mystique that was captured in 1973 when she tried to assassinate their creator Dr. Bolivar Trask. Xavier tells that their only chance is return to 1973 using Pryde's ability to join Charles Xavier and Erik Lehnsherr to convince Mystique to give up her intention. However, only Wolverine can withstand the damages of the time travel. Will he succeed in stopping Mystique and the Sentinel Program, and save the mutants and their human friends from annihilation?"
"31","Spectre","English, Spanish, Italian, German, French","6.8","6 November 2015","2h 28min","A cryptic message from the past sends James Bond on a rogue mission to Mexico City and eventually Rome, where he meets Lucia, the beautiful and forbidden widow of an infamous criminal. Bond infiltrates a secret meeting and uncovers the existence of the sinister organisation known as SPECTRE. Meanwhile back in London, Max Denbigh, the new head of the Centre of National Security, questions Bond's actions and challenges the relevance of MI6 led by M. Bond covertly enlists Moneypenny and Q to help him seek out Madeleine Swann, the daughter of his old nemesis Mr White, who may hold the clue to untangling the web of SPECTRE. As the daughter of the assassin, she understands Bond in a way most others cannot. As Bond ventures towards the heart of SPECTRE, he learns a chilling connection between himself and the enemy he seeks."
"32","Man of Steel","English","7.1","14 June 2013","2h 23min","A young boy learns that he has extraordinary powers and is not of this Earth. As a young man, he journeys to discover where he came from and what he was sent here to do. But the hero in him must emerge if he is to save the world from annihilation and become the symbol of hope for all mankind."
"33","King Kong","English","7.2","14 December 2005","3h 7min","Carl Denham needs to finish his movie and has the perfect location; Skull Island. But he still needs to find a leading lady. This 'soon-to-be-unfortunate' soul is Ann Darrow. No one knows what they will encounter on this island and why it is so mysterious, but once they reach it, they will soon find out. Living on this hidden island is a giant gorilla and this beast now has Ann is its grasps. Carl and Ann's new love, Jack Driscoll must travel through the jungle looking for Kong and Ann, whilst avoiding all sorts of creatures and beasts. But Carl has another plan in mind."
"34","Quantum of Solace ","English, Spanish, Italian, French, Swiss, German, German","6.6","14 November 2008","1h 46min","Is there solace in revenge? Bond and ""M"" sniff a shadowy international network of power and corruption reaping billions. As Bond pursues the agents of an assassination attempt on ""M,"" all roads lead to Dominic Greene, a world-renowned developer of green technology. Greene, a nasty piece of work, is intent on securing a barren area of Bolivia in exchange for assisting a strongman stage a coup there. The CIA looks the other way, and only Bond, with help from a retired spy and from a mysterious beauty, stands in Greene's way. ""M"" wonders if she can trust Bond, or if vengeance possesses him. Beyond that, can anyone drawn to Bond live to tell the tale?"
"35","Skyfall ","English, Turkish, Shanghainese, Portuguese, Japanese","7.8","9 November 2012","2h 23min","When Bond's latest assignment goes gravely wrong and agents around the world are exposed, MI6 is attacked forcing M to relocate the agency. These events cause her authority and position to be challenged by Gareth Mallory (Ralph Fiennes), the new Chairman of the Intelligence and Security Committee. With MI6 now compromised from both inside and out, M is left with one ally she can trust: Bond. 007 takes to the shadows - aided only by field agent, Eve (Naomie Harris) - following a trail to the mysterious Silva (Javier Bardem), whose lethal and hidden motives have yet to reveal themselves."
"36","The Intent","English","4.2","29 July 2016","1h 44min","Gunz (Dylan Duffus) is thrust into a world of excitement when he joins the TIC crew. The crew, led by the ruthless Hoodz (Scorcher), goes from low level weed peddling to full on armed robberies within a fortnight. Their new found infamy affords them a life of guns, drugs, and girls but they also catch the attention of the police and a rival gang. To make matters worse they have been infiltrated by an undercover police officer. Does he have ""THE INTENT"" to remain a criminal or abide by his oath to the force?"
"37","Jurassic World: Fallen Kingdom","English, Russian","6.2","22 June 2018","2h 8min","Three years after the Jurassic World theme park was closed down, Owen and Claire return to Isla Nublar to save the dinosaurs when they learn that a once dormant volcano on the island is active and is threatening to extinguish all life there. Along the way, Owen sets out to find Blue, his lead raptor, and discovers a conspiracy that could disrupt the natural order of the entire planet. Life has found a way, again."
"38","T2 Trainspotting","English, Bulgarian, Scots","7.2","31 March 2017","1h 57min","First there was an opportunity......then there was a betrayal. Twenty years have gone by. Much has changed but just as much remains the same. Mark Renton (Ewan McGregor) returns to the only place he can ever call home. They are waiting for him: Spud (Ewen Bremner), Sick Boy (Jonny Lee Miller), and Begbie (Robert Carlyle). Other old friends are waiting too: sorrow, loss, joy, vengeance, hatred, friendship, love, longing, fear, regret, diamorphine, self-destruction and mortal danger, they are all lined up to welcome him, ready to join the dance."
"39","You ","English","7.9","9 September 2018","45min","Based on Caroline Kepnes' best-selling novel of the same name, YOU is a 21st century love story that asks, ""What would you do for love?"" When a brilliant bookstore manager crosses paths with an aspiring writer, his answer becomes clear: anything. Using the internet and social media as his tools to gather the most intimate of details and get close to her, a charming and awkward crush quickly becomes obsession as he quietly and strategically removes every obstacle - and person - in his way."
"40","Robin Hood","English","5.3","21 November 2018","1h 56min","A war-hardened crusader Robin of Loxley (Taron Egerton) and his Moorish commander (Jamie Foxx) mount an audacious revolt against the corrupt English crown."
"41","About time","English","7.8","8 November 2013","2h 3min ","At the age of 21, Tim Lake (Domhnall Gleeson) discovers he can travel in time... The night after another unsatisfactory New Year party, Tim's father (Bill Nighy) tells his son that the men in his family have always had the ability to travel through time. Tim can't change history, but he can change what happens and has happened in his own life-so he decides to make his world a better place...by getting a girlfriend. Sadly, that turns out not to be as easy as you might think. Moving from the Cornwall coast to London to train as a lawyer, Tim finally meets the beautiful but insecure Mary (Rachel McAdams). They fall in love, then an unfortunate time-travel incident means he's never met her at all. So they meet for the first time again-and again-but finally, after a lot of cunning time-traveling, he wins her heart. Tim then uses his power to create the perfect romantic proposal, to save his wedding from the worst best-man speeches, to save his best friend from professional disaster and to..."
"42","500 Days of Summer","English, French, Swedish","7.7","7 August 2009","1h 35min","After it looks as if she's left his life for good this time, Tom Hansen reflects back on the just over one year that he knew Summer Finn. For Tom, it was love at first sight when she walked into the greeting card company where he worked, she the new administrative assistant. Soon, Tom knew that Summer was the woman with whom he wanted to spend the rest of his life. Although Summer did not believe in relationships or boyfriends - in her assertion, real life will always ultimately get in the way - Tom and Summer became more than just friends. Through the trials and tribulations of Tom and Summer's so-called relationship, Tom could always count on the advice of his two best friends, McKenzie and Paul. However, it is Tom's adolescent sister, Rachel, who is his voice of reason. After all is said and done, Tom is the one who ultimately has to make the choice to listen or not."
"43","Blue Valentine","English","7.4","28 January 2011","1h 52min","Dean Pereira and Cindy Heller Pereira are a young, working class married couple - Dean currently working as a painter, and Cindy working as a nurse in a medical clinic - with a young daughter named Frankie. Despite their relatively tender ages, they are both ravaged by the life they've eked out together and by the experiences they've had leading into their marriage. Dean, a high school drop out, comes from a broken home, where he never really had a mother figure. He never saw himself getting married or having a family despite falling in love at first sight with Cindy. He doesn't have any professional ambition beyond his current work - which he enjoys since he feels he can knock off a beer at 8 o'clock in the morning without it affecting his work - although Cindy believes he has so much more potential in life. Cindy also comes from a dysfunctional family, with her own mother and father not setting an example of a harmonious married or family life. One of her previous serious ..."
"44","Before We Go","English","6.8","21 July 2015","1h 35min","A woman misses the 1:30 train from New York to Boston and a street musician spends the night trying to help her make it back home before her husband does. Throughout the night they learn a lot about one another and eventually find a romance."
"45","Dude","English","5.1","20 April 2018","1h 37min","DUDE is a grounded comedy about dealing with first losses in life--leaving your best friends, the death of loved ones, and the passage of time--and that odd mixture of grief and nostalgia experienced by young people as they try to understand these losses. It is also about getting stoned with your friends in your car while listening to hip-hop."
"46","47 Ronin ","English, Japanese","6.3","25 December 2013","2h 8min","While hunting in the forest, Lord Asano of Ako and his samurai find a young half-breed and take him with them to live in the castle. Several years later, Lord Asano holds a tournament to welcome the Shogun to Ako. The night after the tournament, Lord Asano is bewitched into hurting Lord Kira of Nagato, and is punished into committing seppuku by the Shogun. Realizing that it was a Lord Kira's evil plot, the samurais and the half-breed sets out for revenge against the Shogun's order."
"47","Warcraft: The Beginning ","English","6.9","10 June 2016","2h 3min","When the world of the Orcs of Draenor is being destroyed by the evil fel magic that uses life-force, the powerful warlock Gul'dan creates a portal to the world of Azeroth and forms the Horde with members of the Orc clans. He also captures many prisoners to keep the portal open. The king of Azeroth, Llane Wrynn and his brother-in-law, Anduin Lothar are informed by the apprentice of magician Khadgar that he has found fel magic in dead bodies and the king decides to summon the Guardian of Tirisfal, Medivh, to protect his kingdom. Lothar and Khadgar head to Kharazhan to meet Medivh and an ominous shadow points a book out to Khadgar, who takes it and hides. Anduin, Khadgar and Medivh and a group of soldiers are attacked by Orcs and they capture the slave Garona, who is released by King Llane, and she shows them the location of the portal. Garona is contacted by the Orc chief of a clan Durotan that wants to meet King Llane to stop the fel magic. Meanwhile Khadgar learns that the gate was ..."
"48","Polar ","English, Russian","6.3","25 January 2019","1h 58min","The world's top assassin, Duncan Vizla, is settling into retirement when his former employer marks him as a liability to the firm. Against his will, he finds himself back in the game going head to head with an army of younger killers."
"49","Close","Arabic, Frenchc, English","5.6","18 January 2019","1h 34min","Hired to protect a pampered mining heiress Zoe (Sophie NÃ©lisse), bodyguard Sam (Noomi Rapace) finds herself tangled in a deadly conspiracy. When attackers target the heiress she's protecting, battle-hardened bodyguard Sam scrambles to save her client - and teach her how to fight back."
"50","BirdBox","English","6.7","21 December 2018","2h 4min","In the wake of an unknown global terror, a mother must find the strength to flee with her children down a treacherous river in search of safety. Due to unseen deadly forces, the perilous journey must be made blindly. Directed by Emmy winner Susanne Bier, Bird Box is a thriller starring Academy Award winner Sandra Bullock, John Malkovich, Sarah Paulson, and Trevante Rhodes."
"51","Yes Man ","English, Korean, Estonian","6.8","19 December 2008","1h 44min","Carl Allen is at a standstill. No future... Until the day he enrolls into a personal development program based on a very simple idea: say yes to everything! Carl discovers with amazement the magical power of ""Yes"", and sees his professional and romantic life turned upside down overnight: an unexpected promotion and a new girlfriend. But he'll soon discover that better can be good's enemy, and that all opportunities shouldn't be taken."
"52","How to Train Your Dragon: The Hidden World ","English","7.9","22 February 2019","1h 44min","As Hiccup fulfills his dream of creating a peaceful dragon utopia, Toothless' discovery of an untamed, elusive mate draws the Night Fury away. When danger mounts at home and Hiccup's reign as village chief is tested, both dragon and rider must make impossible decisions to save their kind."
"53","6 Years","English","5.6","18 August 2015","1h 19min","A romantic drama centering around unforeseen circumstances, 6 Years is a tale about Melanie (Taissa Farmiga) and Dan (Ben Rosenfield), a young couple in love whose relationship begins to fracture. Close friends since childhood, the pair's connection is tested when Dan receives an enviable job offer from a record company. Forced to choose between his love for Melanie and his dream job, Dan's decisions prove to affect the future of both young lovers irrevocably. 6 Years is written and directed by Hannah Fidell."
"54","50 First Dates","English, Hawaiian, Mandarin, None","6.8","13 February 2004","1h 39min","Henry Roth lives in a Hawaiian paradise with the company of endless women with no strings attached. This is until he meets Lucy Whitmore. Both Henry and Lucy enjoy the company of each other and feel the start of a serious relationship occurring. Approaching Lucy the next day, Henry is confused when Lucy fails to recognize him. This is the moment Henry discovers that Lucy actually suffers from short term memory loss and can't remember each individual day. Henry won't let this stop him and is prepared to make her fall in love with him all over again, each and every day."
"55","V for Vendetta","English","8.2","17 March 2006","2h 12min","Tells the story of Evey Hammond and her unlikely but instrumental part in bringing down the fascist government that has taken control of a futuristic Great Britain. Saved from a life-and-death situation by a man in a Guy Fawkes mask who calls himself V, she learns a general summary of V's past and, after a time, decides to help him bring down those who committed the atrocities that led to Britain being in the shape that it is in."
"56","Zodiac","English","7.7","2 March 2007","2h 37min","A serial killer in the San Francisco Bay Area taunts police with his letters and cryptic messages. We follow the investigators and reporters in this lightly fictionalized account of the true 1970's case as they search for the murderer, becoming obsessed with the case. Based on Robert Graysmith's book, the movie's focus is the lives and careers of the detectives and newspaper people."
"57","Drive","English, Spanish
","7.8","16 September 2011","1h 40min","A mysterious man who has multiple jobs as a garage mechanic, a Hollywood stuntman and a getaway driver seems to be trying to escape his shady past as he falls for his neighbor - whose husband is in prison and who's looking after her child alone. Meanwhile, his garage mechanic boss is trying to set up a race team using gangland money, which implicates our driver as he is to be used as the race team's main driver. Our hero gets more than he bargained for when he meets the man who is married to the woman he loves."
"58","The Nice Guys","English, German","7.4","20 May 2016","1h 56min","Set against the backdrop of 1977 Los Angeles, The Nice Guys opens when single father and licensed PI Holland March (Gosling) is hired to investigate the apparent suicide of famous porn star Misty Mountains. As the trail leads him to track down a girl named Amelia (Qualley), he encounters less licensed and less hands-off private eye Jackson Healey (Russell Crowe) and his brass knuckles, both hired by the young hippie. However, the situation takes a turn for the worse when Amelia vanishes and it becomes apparent that March wasn't the only party interested. As both men are forced to team up, they'll have to take on a world filled with eccentric goons, strippers dressed as mermaids and even a possible government conspiracy."
"59","Crazy, Stupid, Love.","English","7.4","29 July 2011","1h 58min","Cal (Steve Carell) and Emily (Julianne Moore) have the perfect life together living the American dream... until Emily asks for a divorce. Now Cal, Mr Husband, has to navigate the single scene with a little help from his professional bachelor friend Jacob Palmer (Ryan Gosling). Make that a lot of help..."
"60","Easy A","English","7.1","17 September 2010","1h 32min","After a little white lie about losing her virginity gets out, a clean cut high school girl sees her life paralleling Hester Prynne's in ""The Scarlet Letter,"" which she is currently studying in school until she decides to use the rumor mill to advance her social and financial standing."
"61","Friends with Benefits","English","6.6","22 July 2011","1h 49min","Jamie Rellis (Mila Kunis) is a New York City head-hunter trying to sign Los Angeles-based art director Dylan Harper (Justin Timberlake) for her client. When he takes the job and makes the move, they quickly become friends. Their friendship turns into a friendship with benefits, but with Jamie's emotionally damaged past and Dylan's history of being emotionally unavailable, they have to try to not fall for each other the way Hollywood romantic comedies dictate."
"62","When We First Met ","English","6.4","9 February 2018","1h 37min","Noah thinks he has the perfect first night with Avery, the girl of his dreams, but gets relegated to the friend zone. He spends the next three years wondering what went wrong - until he gets the unexpected chance to travel back in time and change that night - and his fate - over and over again."
"63","To All the Boys I've Loved Before","English","7.3","17 August 2018","1h 39min","Lara Jean Covey writes letters to all of her past loves, the letters are meant for her eyes only. Until one day when all the love letters are sent out to her previous loves. Her life is soon thrown into chaos when her foregoing loves confront her one by one."
"64","Iron Man 1","English, Persian, Urdu, Arabic, Hungarian","7.9","2 May 2008","2h 6min","Tony Stark. Genius, billionaire, playboy, philanthropist. Son of legendary inventor and weapons contractor Howard Stark. When Tony Stark is assigned to give a weapons presentation to an Iraqi unit led by Lt. Col. James Rhodes, he's given a ride on enemy lines. That ride ends badly when Stark's Humvee that he's riding in is attacked by enemy combatants. He survives - barely - with a chest full of shrapnel and a car battery attached to his heart. In order to survive he comes up with a way to miniaturize the battery and figures out that the battery can power something else. Thus Iron Man is born. He uses the primitive device to escape from the cave in Iraq. Once back home, he then begins work on perfecting the Iron Man suit. But the man who was put in charge of Stark Industries has plans of his own to take over Tony's technology for other matters."
"65","Iron Man 2","English, French, Russian","7.0","7 May 2010","2h 4min","With the world now aware of his dual life as the armored superhero Iron Man, billionaire inventor Tony Stark faces pressure from the government, the press, and the public to share his technology with the military. Unwilling to let go of his invention, Stark, along with Pepper Potts, and James ""Rhodey"" Rhodes at his side, must forge new alliances - and confront powerful enemies."
"66","Iron Man 3","English","7.2","3 May 2013","2h 10min","Marvel's ""Iron Man 3"" pits brash-but-brilliant industrialist Tony Stark/Iron Man against an enemy whose reach knows no bounds. When Stark finds his personal world destroyed at his enemy's hands, he embarks on a harrowing quest to find those responsible. This journey, at every turn, will test his mettle. With his back against the wall, Stark is left to survive by his own devices, relying on his ingenuity and instincts to protect those closest to him. As he fights his way back, Stark discovers the answer to the question that has secretly haunted him: does the man make the suit or does the suit make the man?"
"67","Spider-Man 1","English","7.3","3 May 2002","2h 1min","Based on Marvel Comics' superhero character, this is a story of Peter Parker who is a nerdy high-schooler. He was orphaned as a child, bullied by jocks, and can't confess his crush for his stunning neighborhood girl Mary Jane Watson. To say his life is ""miserable"" is an understatement. But one day while on an excursion to a laboratory a runaway radioactive spider bites him... and his life changes in a way no one could have imagined. Peter acquires a muscle-bound physique, clear vision, ability to cling to surfaces and crawl over walls, shooting webs from his wrist ... but the fun isn't going to last. An eccentric millionaire Norman Osborn administers a performance enhancing drug on himself and his maniacal alter ego Green Goblin emerges. Now Peter Parker has to become Spider-Man and take Green Goblin to the task... or else Goblin will kill him. They come face to face and the war begins in which only one of them will survive at the end."
"68","Spider-Man 2","English, Russian, Chinese","7.3","30 June 2004","2h 7min","Peter Parker is an unhappy man: after two years of fighting crime as Spider-Man, his life has begun to fall apart. The girl he loves is engaged to someone else, his grades are slipping, he cannot keep any of his jobs, and on top of it, the newspaper Daily Bugle is attacking him viciously, claiming that Spider-Man is a criminal. He reaches the breaking point and gives up the crime fighter's life, once and for all. But after a failed fusion experiment, eccentric and obsessive scientist Dr. Otto Octavius is transformed into super villain Doctor Octopus, Doc Ock for short, having four long tentacles as extra hands. Peter guesses it might just be time for Spider-Man to return, but would he act upon it?"
"69","The Death of Superman ","English","7.4","24 July 2018","1h 21min","Superman battles against an insurmountable foe named Doomsday."
"70","Life as We Know It ","English","6.6","8 October 2010","1h 54min","Holly and Eric were set up on a blind date by their friends, Peter and Allison who are married. After Peter and Allison are killed in an accident, they learn that they have been named as the guardians to Peter and Allison's daughter, Sophie. So they move into their house and try their best to honor their friends' wishes. But raising a child puts a crimp on their style and they don't exactly get along."
"71","The Avengers","English, Russian, Hindi","8.1","4 May 2012","2h 23min","Nick Fury is the director of S.H.I.E.L.D., an international peace-keeping agency. The agency is a who's who of Marvel Super Heroes, with Iron Man, The Incredible Hulk, Thor, Captain America, Hawkeye and Black Widow. When global security is threatened by Loki and his cohorts, Nick Fury and his team will need all their powers to save the world from disaster which is formed by Loki and his team"
"72","Avengers: Infinity War","English","8.5","27 April 2018","2h 29min","As the Avengers and their allies have continued to protect the world from threats too large for any one hero to handle, a new danger has emerged from the cosmic shadows: Thanos. A despot of intergalactic infamy, his goal is to collect all six Infinity Stones, artifacts of unimaginable power, and use them to inflict his twisted will on all of reality. Everything the Avengers have fought for has led up to this moment, the fate of Earth and existence has never been more uncertain."
"73","Ant-Man","English","7.3","17 July 2015","1h 57min","Armed with the astonishing ability to shrink in scale but increase in strength, con-man Scott Lang must embrace his inner-hero and help his mentor, Dr. Hank Pym, protect the secret behind his spectacular Ant-Man suit from a new generation of towering threats. Against seemingly insurmountable obstacles, Pym and Lang must plan and pull off a heist that will save the world."
"74","The Incredible Hulk","English, Portuguese, Spanish","6.8","13 June 2008","1h 52min","Depicting the events after the Gamma Bomb. 'The Incredible Hulk' tells the story of Dr Bruce Banner, who seeks a cure to his unique condition, which causes him to turn into a giant green monster under emotional stress. Whilst on the run from military which seeks his capture, Banner comes close to a cure. But all is lost when a new creature emerges; The Abomination."
"75","Thor: The Dark World","English","7.0","8 November 2013","1h 52min","Thousands of years ago, a race of beings known as Dark Elves tried to send the universe into darkness by using a weapon known as the Aether. Warriors from Asgard stop them but their leader Malekith escapes to wait for another opportunity. The warriors find the Aether and since it cannot be destroyed, they try to hide it. In the present day, Jane Foster awaits the return of Thor although it has been two years since they last saw once another. In the meantime, Thor has been trying to bring peace to the nine realms. Jane discovers an anomaly similar to the one that brought Thor to Earth. She goes to investigate, finds a wormhole, and is sucked into it. Back on Asgard, Thor wishes to return to Earth but his father, Odin refuses to let him. Thor learns from Heimdall, who can see into all of the realms, that Jane disappeared. Thor then returns to Earth just as Jane reappears. However, when some policemen try to arrest her, an unknown energy repulses them. Thor then brings Jane to Asgard to ..."
"76","Guardians of the Galaxy Vol. 2","English","7.7","5 May 2017","2h 16min","After saving Xandar from Ronan's wrath, the Guardians are now recognized as heroes. Now the team must help their leader Star Lord (Chris Pratt) uncover the truth behind his true heritage. Along the way, old foes turn to allies and betrayal is blooming. And the Guardians find that they are up against a devastating new menace who is out to rule the galaxy."
"77","Spider-Man: Homecoming","English, Spanish","7.5","7 July 2017","2h 13min","Thrilled by his experience with the Avengers, Peter returns home, where he lives with his Aunt May, under the watchful eye of his new mentor Tony Stark, Peter tries to fall back into his normal daily routine - distracted by thoughts of proving himself to be more than just your friendly neighborhood Spider-Man - but when the Vulture emerges as a new villain, everything that Peter holds most important will be threatened."
"78","Thor: Ragnarok","English","7.9","3 November 2017","2h 10min","Thor is imprisoned on the other side of the universe and finds himself in a race against time to get back to Asgard to stop Ragnarok, the destruction of his home-world and the end of Asgardian civilization, at the hands of an all-powerful new threat, the ruthless Hela."
"79","Harry Potter and the Sorcerer's Stone","English","7.6","16 November 2001","2h 32min","This is the tale of Harry Potter, an ordinary 11-year-old boy serving as a sort of slave for his aunt and uncle who learns that he is actually a wizard and has been invited to attend the Hogwarts School for Witchcraft and Wizardry. Harry is snatched away from his mundane existence by Rubeus Hagrid, the grounds keeper for Hogwarts, and quickly thrown into a world completely foreign to both him and the viewer. Famous for an incident that happened at his birth, Harry makes friends easily at his new school. He soon finds, however, that the wizarding world is far more dangerous for him than he would have imagined, and he quickly learns that not all wizards are ones to be trusted."
"80","Harry Potter and the Chamber of Secrets","English","7.4","15 November 2002","2h 41min","Forced to spend his summer holidays with his muggle relations, Harry Potter gets a real shock when he gets a surprise visitor: Dobby the house-elf, who warns Harry Potter against returning to Hogwarts, for terrible things are going to happen. Harry decides to ignore Dobby's warning and continues with his pre-arranged schedule. But at Hogwarts, strange and terrible things are indeed happening. Harry is suddenly hearing mysterious voices from inside the walls, muggle-born students are being attacked, and a message scrawled on the wall in blood puts everyone on his or her guard, ""The Chamber Of Secrets Has Been Opened. Enemies Of The Heir, Beware"" ."
"81","Fantastic Beasts and Where to Find Them"," English","7.3"," 18 November 2016","2h 13min","In mid-20s New York, Newt Scamander, the British young activist wizard, arrives in town, holding a mysterious leather suitcase which shelters a wide array of diverse and magical creatures that exist among us. Amid an already fragile equilibrium of secrecy, and the increasing disasters ascribed to the dark wizard, Gellert Grindelwald, Newt's precious suitcase will be lost--and to make matters worse--several creatures will manage to escape. Before long, this situation will catch Senior Auror Percival Graves' attention who will target Newt, in the background of an invisible, devastating, and utterly unpredictable menace that still wreaks havoc on 5th Avenue. In the end, is there a hidden agenda behind Graves' intentions; moreover, what will happen to the remaining fantastic beasts still loose in the streets?"
"82","Fantastic Beasts: The Crimes of Grindelwald","English ","6.8","16 November 2018","2h 14min","In mid-20s New York, Newt Scamander, the British young activist wizard, arrives in town, holding a mysterious leather suitcase which shelters a wide array of diverse and magical creatures that exist among us. Amid an already fragile equilibrium of secrecy, and the increasing disasters ascribed to the dark wizard, Gellert Grindelwald, Newt's precious suitcase will be lost--and to make matters worse--several creatures will manage to escape. Before long, this situation will catch Senior Auror Percival Graves' attention who will target Newt, in the background of an invisible, devastating, and utterly unpredictable menace that still wreaks havoc on 5th Avenue. In the end, is there a hidden agenda behind Graves' intentions; moreover, what will happen to the remaining fantastic beasts still loose in the streets?"
"83","Hotel Transylvania","English","7.1"," 28 September 2012","1h 31min ","In 1895, Dracula builds a resort in Transylvania, hidden from the humans, to raise his beloved daughter Mavis in a safe environment. In the present, the place is the Hotel Transylvania, where monsters bring their families to vacation far from the frightening humans. Dracula invites his friends - Frankenstein and his wife Eunice; Wayne and Wanda, the werewolves; Griffin, the invisible man; Murray, the mummy; Bigfoot, among others - to celebrate the 118th birthday of Mavis. When the party is ready to start, the 21-year-old Jonathan is walking through the forest and stumbles upon the hotel. Dracula sees Jonathan and disguises him as a monster to hide Jonathan from the guests. But Mavis also sees Jonathan and Dracula forces him to pose as a monster. Soon Mavis believes that Jonathan is the ""zing"" of her life despite the advice of her father about humans."
"84","Hotel Transylvania 2 ","English","6.7","25 September 2015 ","1h 29min ","The Drac pack is back for an all-new monster comedy adventure in Sony Pictures Animation's Hotel Transylvania 2! Everything seems to be changing for the better at Hotel Transylvania... Dracula's rigid monster-only hotel policy has finally relaxed, opening up its doors to human guests. But behind closed coffins, Drac is worried that his adorable half-human, half-vampire grandson, Dennis, isn't showing signs of being a vampire. So while Mavis is busy visiting her human in-laws with Johnny - and in for a major cultural shock of her own - ""Vampa"" Drac enlists his friends Frank, Murray, Wayne and Griffin to put Dennis through a ""monster-in-training"" boot camp. But little do they know that Drac's grumpy and very old, old, old school dad Vlad is about to pay a family visit to the hotel. And when Vlad finds out that his great-grandson is not a pure blood - and humans are now welcome at Hotel Transylvania - things are going to get batty"
"85","Hotel Transylvania 3: Summer Vacation ","English ","6.3","13 July 2018","1h 37min ","Mavis surprises Dracula with a family voyage on a luxury Monster Cruise Ship so he can take a vacation from providing everyone else's vacation at the hotel. The rest of Drac's Pack cannot resist going along. But once they leave port, romance arises when Dracula meets the mysterious ship Captain, Ericka. Now it's Mavis' turn to play the overprotective parent, keeping her dad and Ericka apart. Little do they know that his ""too good to be true"" love interest is actually a descendant of Abraham Van Helsing, ancient nemesis to Dracula and all other monsters."
"86","Smallfoot","English","6.7","28 September 2018","1h 36min ","A yeti named Migo is convinced that a human known only as ""Small Foot"" is real and has to prove to his tribe that it does exist with the help of Meechee and the S.E.S - Smallfoot Evidentiary Society."
"87","The House with a Clock in Its Walls ","English","6.1","21 September 2018","1h 45min","Lewis Barnavelt, after losing his parents, is sent to Michigan to live with his uncle Jonathan. He discovers his uncle is a warlock, and enters a world of magic and sorcery. But this power is not limited to good people: Lewis learns of Isaac Izard, an evil wizard who constructed a magical clock with black magic, as long as it exists it will keep ticking, counting down to doomsday. He died before he could finish the clock, but he hid the clock in his house, where Uncle Jonathan now lives. Now Lewis and Jonathan must find the clock before it finishes its countdown and ends the world."
"88","Goosebumps 2: Haunted Halloween"," English","5.7","12 October 2018 ","1h 30min","Teenager Sarah Quinn (Madison Iseman) lives with her mother Kathy (Wendi McLendon-Covey) and younger brother Sonny (Jeremy Ray Taylor) in Wardenclyffe, New York. Sarah is attempting to get into Columbia University by writing an essay about fear. Kathy agrees to watch Sonny's friend Sam Carter (Caleel Harris) while his father goes out of town. Sonny and Sam are attempting to start a garbage cleanup business, and are called after school to clean up an abandoned house. Inside, they find a locked manuscript and open it, causing Slappy the Dummy to appear. They unknowingly bring him to life by speaking magic words found in his pocket. The book is later stolen by a bully named Tommy Madigan (Payton Wich). At home, Sonny is working on his science project, a miniature version of Nikola Tesla's Wardenclyffe Tower. Slappy then reveals he's alive to Sonny and Sam, and gets their trust by using his magic to do the boy's chores and homework. Meanwhile, Sarah goes to a party to meet her boyfriend ..."
"89","Goosebumps ","English","6.3","16 October 2015","1h 47min ","After moving to a new small town, teenage Zach Cooper (Dylan Minnette) meets the beautiful girl next door, Hannah (Odeya Rush). But every silver lining has a cloud, and Zach's comes when he learns that Hannah has a mysterious dad who is revealed to be R. L. Stine (Jack Black), the author of the bestselling Goosebumps series. It turns out that there is a reason why Stine is so strange - he is a prisoner of his own imagination - the monsters that his books made famous are real, and Stine protects his readers by keeping them locked up in their books. Zach unintentionally unleashes the monsters from their manuscripts and they begin to terrorize the town. It's up to Stine, Zach, Hannah, and Zach's friend Champ (Ryan Lee) to put all the monsters back in their books."
"90","A-X-L","English","5.2","24 August 2018 ","1h 38min ","A.X.L. is a top-secret, robotic dog created by the military to help protect tomorrow's soldiers. Code named by the scientists who created him, A.X.L. stands for Attack, Exploration, Logistics, and embodies the most advanced, next-generation artificial intelligence. After an experiment gone wrong, A.X.L. is discovered hiding alone in the desert by a kind-hearted outsider named Miles (Alex Neustaedter), who finds a way to connect with him after activating his owner-pairing technology. Together, the two develop a special friendship based on trust, loyalty and compassion. Helping Miles gain the confidence he's been lacking, A.X.L. will go to any length to protect his new companion, including facing off against the scientists who created him and who will do anything to get him back. Knowing what is at stake if A.X.L. is captured, Miles teams up with a smart, resourceful ally named Sara (Becky G) to protect his new best friend on a timeless, epic adventure for the whole family."
"91","Harry Potter and the Prisoner of Azkaban","English","7.9","4 June 200","2h 22min","Harry Potter is having a tough time with his relatives (yet again). He runs away after using magic to inflate Uncle Vernon's sister Marge who was being offensive towards Harry's parents. Initially scared for using magic outside the school, he is pleasantly surprised that he won't be penalized after all. However, he soon learns that a dangerous criminal and Voldemort's trusted aide Sirius Black has escaped from the Azkaban prison and wants to kill Harry to avenge the Dark Lord. To worsen the conditions for Harry, vile creatures called Dementors are appointed to guard the school gates and inexplicably happen to have the most horrible effect on him. Little does Harry know that by the end of this year, many holes in his past (whatever he knows of it) will be filled up and he will have a clearer vision of what the future has in store..."
"92","Harry Potter and the Goblet of Fire","English, French","7.7","18 November 2005","2h 37min","Harry's fourth year at Hogwarts is about to start and he is enjoying the summer vacation with his friends. They get the tickets to The Quidditch World Cup Final but after the match is over, people dressed like Lord Voldemort's 'Death Eaters' set a fire to all the visitors' tents, coupled with the appearance of Voldemort's symbol, the 'Dark Mark' in the sky, which causes a frenzy across the magical community. That same year, Hogwarts is hosting 'The Triwizard Tournament', a magical tournament between three well-known schools of magic : Hogwarts, Beauxbatons and Durmstrang. The contestants have to be above the age of 17, and are chosen by a magical object called Goblet of Fire. On the night of selection, however, the Goblet spews out four names instead of the usual three, with Harry unwittingly being selected as the Fourth Champion. Since the magic cannot be reversed, Harry is forced to go with it and brave three exceedingly difficult tasks."
"93","Harry Potter and the Order of the Phoenix","English","7.5","11 July 2007","2h 18min","After a lonely summer on Privet Drive, Harry returns to a Hogwarts full of ill-fortune. Few of students and parents believe him or Dumbledore that Voldemort is really back. The ministry had decided to step in by appointing a new Defence Against the Dark Arts teacher that proves to be the nastiest person Harry has ever encountered. Harry also can't help stealing glances with the beautiful Cho Chang. To top it off are dreams that Harry can't explain, and a mystery behind something Voldemort is searching for. With these many things Harry begins one of his toughest years at Hogwarts School of Witchcraft and Wizardry."
"94","Harry Potter and the Deathly Hallows: Part 1","English","7.7","19 November 2010","2h 26min","Voldemort's power is growing stronger. He now has control over the Ministry of Magic and Hogwarts. Harry, Ron, and Hermione decide to finish Dumbledore's work and find the rest of the Horcruxes to defeat the Dark Lord. But little hope remains for the Trio, and the rest of the Wizarding World, so everything they do must go as planned."
"95","Harry Potter and the Deathly Hallows: Part 2","English","8.1","15 July 2011","2h 10min","Harry, Ron, and Hermione continue their quest of finding and destroying the Dark Lord's three remaining Horcruxes, the magical items responsible for his immortality. But as the mystical Deathly Hallows are uncovered, and Voldemort finds out about their mission, the biggest battle begins and life as they know it will never be the same again."
"96","The Fast and the Furious","English, Spanish","6.8","22 June 2001","1h 46min","Los Angeles street racer Dominic Toretto falls under the suspicion of the LAPD as a string of high-speed electronics truck robberies rocks the area. Brian O'Connor, an officer of the LAPD, joins the ranks of Toretto's highly skilled racing crew undercover to convict Toretto. However, O'Connor finds himself both enamored with this new world and in love with Toretto's sister, Mia. As a rival racing crew gains strength, O'Connor must decide where his loyalty really lies."
"97","2 Fast 2 Furious","English, Spanish","5.9","6 June 2003","6 June 2003","EX LAPD cop Brian O'Conner (Paul Walker) teams up with his ex-con friend Roman Pearce (Tyrese Gibson) and works with undercover U.S. Customs Service agent Monica Fuentes (Eva Mendes) to bring Miami-based drug lord Carter Verone (Cole Hauser) down."
"98","The Fast and the Furious: Tokyo Drift","English, Japanese","6.0","16 June 2006","1h 44min","An American teenager named Sean Boswell is a loner in school, however he challenges his rival for an illegal street racing, and he totals his car in the end of the race. To avoid time in prison he is sent to Tokyo to live with his father who is in the military. As soon as he arrives he discovers a new, fun but dangerous way of street racing in the underworld of the streets of Tokyo, Japan."
"99","Fast & Furious","English, Spanish","6.6","3 April 2009","1h 47min","Heading back to the streets where it all began, two men rejoin two women to blast muscle, tuner and exotic cars across Los Angeles and floor through the Mexican desert. When a crime brings them back to L.A., fugitive ex-con Dom Toretto reignites his feud with agent Brian O'Connor. But as they are forced to confront a shared enemy, Dom and Brian must give in to an uncertain new trust if they hope to outmaneuver him. And from convoy heists to precision tunnel crawls across international lines, two men will find the best way to get revenge: push the limits of what's possible behind the wheel. "
"100","Fast & Furious 6","English, Spanish, Russian, Japanese, Cantonese, Dutch","7.1","24 May 2013","2h 10min","Since Dom (Diesel) and Brian's (Walker) Rio heist toppled a kingpin's empire and left their crew with $100 million, our heroes have scattered across the globe. But their inability to return home and living forever on the lam have left their lives incomplete. Meanwhile, Hobbs (Johnson) has been tracking an organization of lethally skilled mercenary drivers across 12 countries, whose mastermind (Evans) is aided by a ruthless second-in-command revealed to be the love Dom thought was dead, Letty (Rodriguez). The only way to stop the criminal outfit is to outmatch them at street level, so Hobbs asks Dom to assemble his elite team in London. Payment? Full pardons for all of them so they can return home and make their families whole again."
